{
	"credit": "Made with Blockbench",
	"texture_size": [8, 8],
	"textures": {
		"1": "item/rl_metal_base",
		"2": "item/rl_metal_lower",
		"3": "item/rl_nossle_u",
		"5": "item/rl_handle",
		"particle": "item/rl_metal_base"
	},
	"elements": [
		{
			"name": "METAL_BASE",
			"from": [3, 4, 7],
			"to": [17, 10, 13],
			"faces": {
				"north": {"uv": [0, 0, 7, 3], "texture": "#1"},
				"east": {"uv": [7, 3, 10, 6], "texture": "#1"},
				"south": {"uv": [0, 3, 7, 6], "texture": "#1"},
				"west": {"uv": [7, 6, 10, 9], "texture": "#1"},
				"up": {"uv": [7, 9, 0, 6], "texture": "#1"},
				"down": {"uv": [14, 0, 7, 3], "texture": "#1"}
			}
		},
		{
			"name": "METAL_LOWER",
			"from": [-5, 2, 8],
			"to": [7, 4, 12],
			"faces": {
				"north": {"uv": [0, 8, 12, 10], "texture": "#2"},
				"east": {"uv": [0, 12, 4, 14], "texture": "#2"},
				"south": {"uv": [0, 10, 12, 12], "texture": "#2"},
				"west": {"uv": [12, 0, 16, 2], "texture": "#2"},
				"up": {"uv": [12, 4, 0, 0], "texture": "#2"},
				"down": {"uv": [12, 4, 0, 8], "texture": "#2"}
			}
		},
		{
			"name": "NOSSLE_B",
			"from": [-5, 4, 7],
			"to": [3, 5, 13],
			"faces": {
				"north": {"uv": [0, 0, 8, 1], "texture": "#1"},
				"east": {"uv": [0, 0, 6, 1], "texture": "#1"},
				"south": {"uv": [0, 0, 8, 1], "texture": "#1"},
				"west": {"uv": [0, 0, 6, 1], "texture": "#1"},
				"up": {"uv": [0, 0, 8, 6], "texture": "#1"},
				"down": {"uv": [0, 0, 8, 6], "texture": "#1"}
			}
		},
		{
			"name": "NOSSLE_U",
			"from": [1, 9, 7],
			"to": [3, 10, 13],
			"faces": {
				"north": {"uv": [8, 5, 10, 6], "texture": "#3"},
				"east": {"uv": [8, 0, 14, 1], "texture": "#3"},
				"south": {"uv": [6, 8, 8, 9], "texture": "#3"},
				"west": {"uv": [8, 1, 14, 2], "texture": "#3"},
				"up": {"uv": [6, 6, 4, 0], "texture": "#3"},
				"down": {"uv": [2, 6, 0, 12], "texture": "#3"}
			}
		},
		{
			"name": "NOSSLE_U_2",
			"from": [-2, 9, 7],
			"to": [0, 10, 13],
			"faces": {
				"north": {"uv": [4, 8, 6, 9], "texture": "#3"},
				"east": {"uv": [4, 6, 10, 7], "texture": "#3"},
				"south": {"uv": [8, 4, 10, 5], "texture": "#3"},
				"west": {"uv": [4, 7, 10, 8], "texture": "#3"},
				"up": {"uv": [2, 6, 0, 0], "texture": "#3"},
				"down": {"uv": [4, 0, 2, 6], "texture": "#3"}
			}
		},
		{
			"name": "NOSSLE_U_3",
			"from": [-5, 9, 7],
			"to": [-3, 10, 13],
			"faces": {
				"north": {"uv": [8, 8, 10, 9], "texture": "#3"},
				"east": {"uv": [8, 2, 14, 3], "texture": "#3"},
				"south": {"uv": [4, 9, 6, 10], "texture": "#3"},
				"west": {"uv": [8, 3, 14, 4], "texture": "#3"},
				"up": {"uv": [8, 6, 6, 0], "texture": "#3"},
				"down": {"uv": [4, 6, 2, 12], "texture": "#3"}
			}
		},
		{
			"name": "NOSSLE_L",
			"from": [-5, 5, 12],
			"to": [3, 9, 13],
			"faces": {
				"north": {"uv": [0, 0, 8, 4], "texture": "#3"},
				"east": {"uv": [0, 0, 1, 4], "texture": "#3"},
				"south": {"uv": [0, 0, 8, 4], "texture": "#3"},
				"west": {"uv": [0, 0, 1, 4], "texture": "#3"},
				"up": {"uv": [0, 0, 8, 1], "texture": "#3"},
				"down": {"uv": [0, 0, 8, 1], "texture": "#3"}
			}
		},
		{
			"name": "NOSSLE_R",
			"from": [-5, 5, 7],
			"to": [3, 9, 8],
			"faces": {
				"north": {"uv": [0, 0, 8, 4], "texture": "#3"},
				"east": {"uv": [0, 0, 1, 4], "texture": "#3"},
				"south": {"uv": [0, 0, 8, 4], "texture": "#3"},
				"west": {"uv": [0, 0, 1, 4], "texture": "#3"},
				"up": {"uv": [0, 0, 8, 1], "texture": "#3"},
				"down": {"uv": [0, 0, 8, 1], "texture": "#3"}
			}
		},
		{
			"name": "HANDLE",
			"from": [16, 2, 6],
			"to": [27, 9, 14],
			"faces": {
				"north": {"uv": [5.5, 0, 11, 3.5], "texture": "#5"},
				"east": {"uv": [5.5, 7, 9.5, 10.5], "texture": "#5"},
				"south": {"uv": [5.5, 3.5, 11, 7], "texture": "#5"},
				"west": {"uv": [0, 8, 4, 11.5], "texture": "#5"},
				"up": {"uv": [5.5, 4, 0, 0], "texture": "#5"},
				"down": {"uv": [5.5, 4, 0, 8], "texture": "#5"}
			}
		}
	],
	"display": {
		"thirdperson_righthand": {
			"rotation": [0, -90, 0],
			"translation": [0, 3, -2],
			"scale": [0.55, 0.55, 0.55]
		},
		"thirdperson_lefthand": {
			"translation": [0, 3, 1],
			"scale": [0.55, 0.55, 0.55]
		},
		"firstperson_righthand": {
			"rotation": [36, -89, 25],
			"translation": [3, 3.5, -6],
			"scale": [0.68, 0.68, 0.68]
		},
		"firstperson_lefthand": {
			"rotation": [0, 90, 0],
			"translation": [1.13, 3.2, 1.13],
			"scale": [0.68, 0.68, 0.68]
		},
		"ground": {
			"translation": [0, 2, 0],
			"scale": [0.75, 0.75, 0.75]
		},
		"gui": {
			"rotation": [60, 49, -9],
			"translation": [-1.25, 0, 0],
			"scale": [0.5, 0.5, 0.5]
		},
		"head": {
			"rotation": [0, 180, 0],
			"translation": [0, 13, 7]
		},
		"fixed": {
			"rotation": [0, 180, 0]
		}
	}
}