{
	"credit": "Made with Blockbench",
	"texture_size": [32, 32],
	"textures": {
		"0": "item/rg",
		"particle": "item/rg"
	},
	"elements": [
		{
			"from": [7, 5, -5],
			"to": [10, 6, 8],
			"faces": {
				"north": {"uv": [3, 6.5, 4.5, 7], "texture": "#0"},
				"east": {"uv": [3, 7, 9.5, 7.5], "texture": "#0"},
				"south": {"uv": [4.5, 6.5, 6, 7], "texture": "#0"},
				"west": {"uv": [3, 7.5, 9.5, 8], "texture": "#0"},
				"up": {"uv": [1.5, 6.5, 0, 0], "texture": "#0"},
				"down": {"uv": [3, 0, 1.5, 6.5], "texture": "#0"}
			}
		},
		{
			"from": [7, 3, 8],
			"to": [10, 6, 14],
			"faces": {
				"north": {"uv": [8.5, 2.5, 10, 4], "texture": "#0"},
				"east": {"uv": [6, 4, 9, 5.5], "texture": "#0"},
				"south": {"uv": [3, 8.5, 4.5, 10], "texture": "#0"},
				"west": {"uv": [6, 5.5, 9, 7], "texture": "#0"},
				"up": {"uv": [1.5, 9.5, 0, 6.5], "texture": "#0"},
				"down": {"uv": [3, 6.5, 1.5, 9.5], "texture": "#0"}
			}
		},
		{
			"from": [6, 2, 14],
			"to": [11, 6, 16],
			"faces": {
				"north": {"uv": [6, 0, 8.5, 2], "texture": "#0"},
				"east": {"uv": [4.5, 8.5, 5.5, 10.5], "texture": "#0"},
				"south": {"uv": [6, 2, 8.5, 4], "texture": "#0"},
				"west": {"uv": [5.5, 8.5, 6.5, 10.5], "texture": "#0"},
				"up": {"uv": [11, 1.5, 8.5, 0.5], "texture": "#0"},
				"down": {"uv": [11, 1.5, 8.5, 2.5], "texture": "#0"}
			}
		},
		{
			"from": [7, 2, 13],
			"to": [10, 3, 14],
			"faces": {
				"north": {"uv": [9, 4, 10.5, 4.5], "texture": "#0"},
				"east": {"uv": [9.5, 8.5, 10, 9], "texture": "#0"},
				"south": {"uv": [9, 4.5, 10.5, 5], "texture": "#0"},
				"west": {"uv": [9, 9.5, 9.5, 10], "texture": "#0"},
				"up": {"uv": [10.5, 5.5, 9, 5], "texture": "#0"},
				"down": {"uv": [10.5, 5.5, 9, 6], "texture": "#0"}
			}
		},
		{
			"from": [8, 1, 10],
			"to": [9, 2, 13],
			"faces": {
				"north": {"uv": [3, 10, 3.5, 10.5], "texture": "#0"},
				"east": {"uv": [9, 6, 10.5, 6.5], "texture": "#0"},
				"south": {"uv": [10, 3, 10.5, 3.5], "texture": "#0"},
				"west": {"uv": [6.5, 9, 8, 9.5], "texture": "#0"},
				"up": {"uv": [8.5, 10.5, 8, 9], "texture": "#0"},
				"down": {"uv": [9, 9, 8.5, 10.5], "texture": "#0"}
			}
		},
		{
			"from": [8, 2, 9],
			"to": [9, 3, 10],
			"faces": {
				"north": {"uv": [9.5, 9.5, 10, 10], "texture": "#0"},
				"east": {"uv": [1, 10, 1.5, 10.5], "texture": "#0"},
				"south": {"uv": [1.5, 10, 2, 10.5], "texture": "#0"},
				"west": {"uv": [2, 10, 2.5, 10.5], "texture": "#0"},
				"up": {"uv": [3, 10.5, 2.5, 10], "texture": "#0"},
				"down": {"uv": [10.5, 2.5, 10, 3], "texture": "#0"}
			}
		},
		{
			"from": [9, 4, 5],
			"to": [10, 5, 6],
			"faces": {
				"north": {"uv": [3.5, 10, 4, 10.5], "texture": "#0"},
				"east": {"uv": [10, 3.5, 10.5, 4], "texture": "#0"},
				"south": {"uv": [4, 10, 4.5, 10.5], "texture": "#0"},
				"west": {"uv": [10, 6.5, 10.5, 7], "texture": "#0"},
				"up": {"uv": [10.5, 7.5, 10, 7], "texture": "#0"},
				"down": {"uv": [8, 10, 7.5, 10.5], "texture": "#0"}
			}
		},
		{
			"from": [7, 4, -4],
			"to": [8, 5, -3],
			"faces": {
				"north": {"uv": [10.5, 8, 11, 8.5], "texture": "#0"},
				"east": {"uv": [8.5, 10.5, 9, 11], "texture": "#0"},
				"south": {"uv": [10.5, 8.5, 11, 9], "texture": "#0"},
				"west": {"uv": [9, 10.5, 9.5, 11], "texture": "#0"},
				"up": {"uv": [11, 9.5, 10.5, 9], "texture": "#0"},
				"down": {"uv": [10, 10.5, 9.5, 11], "texture": "#0"}
			}
		},
		{
			"from": [7, 4, -1],
			"to": [8, 5, 0],
			"faces": {
				"north": {"uv": [10.5, 6.5, 11, 7], "texture": "#0"},
				"east": {"uv": [7, 10.5, 7.5, 11], "texture": "#0"},
				"south": {"uv": [10.5, 7, 11, 7.5], "texture": "#0"},
				"west": {"uv": [7.5, 10.5, 8, 11], "texture": "#0"},
				"up": {"uv": [11, 8, 10.5, 7.5], "texture": "#0"},
				"down": {"uv": [8.5, 10.5, 8, 11], "texture": "#0"}
			}
		},
		{
			"from": [7, 4, 2],
			"to": [8, 5, 3],
			"faces": {
				"north": {"uv": [10.5, 5, 11, 5.5], "texture": "#0"},
				"east": {"uv": [5.5, 10.5, 6, 11], "texture": "#0"},
				"south": {"uv": [10.5, 5.5, 11, 6], "texture": "#0"},
				"west": {"uv": [6, 10.5, 6.5, 11], "texture": "#0"},
				"up": {"uv": [11, 6.5, 10.5, 6], "texture": "#0"},
				"down": {"uv": [7, 10.5, 6.5, 11], "texture": "#0"}
			}
		},
		{
			"from": [7, 4, 5],
			"to": [8, 5, 6],
			"faces": {
				"north": {"uv": [10.5, 3.5, 11, 4], "texture": "#0"},
				"east": {"uv": [4, 10.5, 4.5, 11], "texture": "#0"},
				"south": {"uv": [10.5, 4, 11, 4.5], "texture": "#0"},
				"west": {"uv": [4.5, 10.5, 5, 11], "texture": "#0"},
				"up": {"uv": [11, 5, 10.5, 4.5], "texture": "#0"},
				"down": {"uv": [5.5, 10.5, 5, 11], "texture": "#0"}
			}
		},
		{
			"from": [9, 4, 2],
			"to": [10, 5, 3],
			"faces": {
				"north": {"uv": [10, 7.5, 10.5, 8], "texture": "#0"},
				"east": {"uv": [10, 8, 10.5, 8.5], "texture": "#0"},
				"south": {"uv": [10, 8.5, 10.5, 9], "texture": "#0"},
				"west": {"uv": [9, 10, 9.5, 10.5], "texture": "#0"},
				"up": {"uv": [10.5, 9.5, 10, 9], "texture": "#0"},
				"down": {"uv": [10, 10, 9.5, 10.5], "texture": "#0"}
			}
		},
		{
			"from": [9, 4, -1],
			"to": [10, 5, 0],
			"faces": {
				"north": {"uv": [10, 9.5, 10.5, 10], "texture": "#0"},
				"east": {"uv": [10, 10, 10.5, 10.5], "texture": "#0"},
				"south": {"uv": [0, 10.5, 0.5, 11], "texture": "#0"},
				"west": {"uv": [0.5, 10.5, 1, 11], "texture": "#0"},
				"up": {"uv": [1.5, 11, 1, 10.5], "texture": "#0"},
				"down": {"uv": [2, 10.5, 1.5, 11], "texture": "#0"}
			}
		},
		{
			"from": [9, 4, -4],
			"to": [10, 5, -3],
			"faces": {
				"north": {"uv": [2, 10.5, 2.5, 11], "texture": "#0"},
				"east": {"uv": [2.5, 10.5, 3, 11], "texture": "#0"},
				"south": {"uv": [10.5, 2.5, 11, 3], "texture": "#0"},
				"west": {"uv": [3, 10.5, 3.5, 11], "texture": "#0"},
				"up": {"uv": [11, 3.5, 10.5, 3], "texture": "#0"},
				"down": {"uv": [4, 10.5, 3.5, 11], "texture": "#0"}
			}
		},
		{
			"from": [7, 3, -5],
			"to": [10, 4, 8],
			"faces": {
				"north": {"uv": [6.5, 8.5, 8, 9], "texture": "#0"},
				"east": {"uv": [3, 8, 9.5, 8.5], "texture": "#0"},
				"south": {"uv": [8, 8.5, 9.5, 9], "texture": "#0"},
				"west": {"uv": [8.5, 0, 15, 0.5], "texture": "#0"},
				"up": {"uv": [4.5, 6.5, 3, 0], "texture": "#0"},
				"down": {"uv": [6, 0, 4.5, 6.5], "texture": "#0"}
			}
		},
		{
			"from": [7, 6, -4],
			"to": [8, 7, -2],
			"faces": {
				"north": {"uv": [9.5, 7, 10, 7.5], "texture": "#0"},
				"east": {"uv": [9, 6.5, 10, 7], "texture": "#0"},
				"south": {"uv": [7.5, 9.5, 8, 10], "texture": "#0"},
				"west": {"uv": [9, 9, 10, 9.5], "texture": "#0"},
				"up": {"uv": [0.5, 10.5, 0, 9.5], "texture": "#0"},
				"down": {"uv": [1, 9.5, 0.5, 10.5], "texture": "#0"}
			}
		},
		{
			"from": [9, 6, -4],
			"to": [10, 7, -2],
			"faces": {
				"north": {"uv": [9.5, 7.5, 10, 8], "texture": "#0"},
				"east": {"uv": [1, 9.5, 2, 10], "texture": "#0"},
				"south": {"uv": [9.5, 8, 10, 8.5], "texture": "#0"},
				"west": {"uv": [2, 9.5, 3, 10], "texture": "#0"},
				"up": {"uv": [7, 10.5, 6.5, 9.5], "texture": "#0"},
				"down": {"uv": [7.5, 9.5, 7, 10.5], "texture": "#0"}
			}
		}
	],
	"display": {
		"thirdperson_righthand": {
			"translation": [0, 3, 1]
		},
		"thirdperson_lefthand": {
			"translation": [0, 3, 1]
		},
		"firstperson_righthand": {
			"translation": [-0.25, 4.25, -2.75],
			"scale": [1, 1, 0.82]
		},
		"firstperson_lefthand": {
			"translation": [-0.25, 4.25, -2.75],
			"scale": [1, 1, 0.82]
		},
		"ground": {
			"translation": [0, 3, 0]
		},
		"gui": {
			"rotation": [37, 149, -1],
			"translation": [1.25, 3.75, 0]
		},
		"head": {
			"translation": [0, 8.5, -14]
		},
		"fixed": {
			"rotation": [90, 45, -90],
			"translation": [4, 1.25, 0]
		}
	},
	"groups": [
		{
			"name": "nozzle",
			"origin": [0, 0, 0],
			"color": 0,
			"children": []
		},
		0,
		1,
		2,
		3,
		4,
		5,
		6,
		7,
		8,
		9,
		10,
		11,
		12,
		13,
		14,
		15,
		16
	]
}