{
	"credit": "Made with Blockbench",
	"textures": {
		"0": "block/anvil",
		"1": "block/black_concrete",
		"2": "block/gold_block",
		"3": "block/emerald_block",
		"4": "block/redstone_block",
		"5": "block/iron_door_bottom",
		"6": "block/iron_block",
		"7": "block/tnt_side",
		"8": "block/bamboo_planks",
		"9": "block/orange_concrete",
		"10": "block/amethyst_block",
		"particle": "block/anvil"
	},
	"elements": [
		{
			"name": "nozzle",
			"from": [3, 3, -16],
			"to": [14, 4, -15],
			"rotation": {"angle": 0, "axis": "y", "origin": [0, -2, -17]},
			"faces": {
				"north": {"uv": [0, 15, 11, 16], "texture": "#0"},
				"east": {"uv": [0, 15, 1, 16], "texture": "#0"},
				"south": {"uv": [0, 15, 11, 16], "texture": "#0"},
				"west": {"uv": [0, 15, 1, 16], "texture": "#0"},
				"up": {"uv": [0, 15, 11, 16], "texture": "#0"},
				"down": {"uv": [0, 15, 11, 16], "texture": "#0"}
			}
		},
		{
			"name": "nozzle",
			"from": [3, 10, -16],
			"to": [14, 11, -15],
			"rotation": {"angle": 0, "axis": "y", "origin": [0, -2, -17]},
			"faces": {
				"north": {"uv": [0, 15, 11, 16], "texture": "#0"},
				"east": {"uv": [0, 15, 1, 16], "texture": "#0"},
				"south": {"uv": [0, 15, 11, 16], "texture": "#0"},
				"west": {"uv": [0, 15, 1, 16], "texture": "#0"},
				"up": {"uv": [0, 15, 11, 16], "texture": "#0"},
				"down": {"uv": [0, 15, 11, 16], "texture": "#0"}
			}
		},
		{
			"name": "nozzle",
			"from": [13, 4, -16],
			"to": [14, 10, -15],
			"rotation": {"angle": 0, "axis": "z", "origin": [0, -2, -17]},
			"faces": {
				"north": {"uv": [0, 15, 6, 16], "rotation": 270, "texture": "#0"},
				"east": {"uv": [0, 15, 6, 16], "rotation": 90, "texture": "#0"},
				"south": {"uv": [0, 15, 6, 16], "rotation": 90, "texture": "#0"},
				"west": {"uv": [0, 15, 6, 16], "rotation": 90, "texture": "#0"},
				"up": {"uv": [0, 15, 1, 16], "rotation": 90, "texture": "#0"},
				"down": {"uv": [0, 15, 1, 16], "rotation": 90, "texture": "#0"}
			}
		},
		{
			"name": "nozzle",
			"from": [3, 4, -16],
			"to": [4, 10, -15],
			"rotation": {"angle": 0, "axis": "y", "origin": [0, -2, -17]},
			"faces": {
				"north": {"uv": [0, 15, 6, 16], "rotation": 270, "texture": "#0"},
				"east": {"uv": [0, 15, 6, 16], "rotation": 90, "texture": "#0"},
				"south": {"uv": [0, 15, 6, 16], "rotation": 90, "texture": "#0"},
				"west": {"uv": [0, 15, 6, 16], "rotation": 90, "texture": "#0"},
				"up": {"uv": [0, 15, 1, 16], "rotation": 90, "texture": "#0"},
				"down": {"uv": [0, 15, 1, 16], "rotation": 90, "texture": "#0"}
			}
		},
		{
			"name": "nozzle",
			"from": [3, 2, -15],
			"to": [14, 3, -14],
			"rotation": {"angle": 0, "axis": "y", "origin": [0, -2, -17]},
			"faces": {
				"north": {"uv": [0, 0, 11, 1], "texture": "#2"},
				"east": {"uv": [0, 0, 1, 1], "texture": "#2"},
				"south": {"uv": [0, 0, 11, 1], "texture": "#2"},
				"west": {"uv": [0, 0, 1, 1], "texture": "#2"},
				"up": {"uv": [0, 0, 11, 1], "texture": "#2"},
				"down": {"uv": [0, 0, 11, 1], "texture": "#2"}
			}
		},
		{
			"name": "nozzle",
			"from": [3, 11, -15],
			"to": [14, 12, -14],
			"rotation": {"angle": 0, "axis": "y", "origin": [0, -2, -17]},
			"faces": {
				"north": {"uv": [0, 0, 11, 1], "texture": "#2"},
				"east": {"uv": [0, 0, 1, 1], "texture": "#2"},
				"south": {"uv": [0, 0, 11, 1], "texture": "#2"},
				"west": {"uv": [0, 0, 1, 1], "texture": "#2"},
				"up": {"uv": [0, 0, 11, 1], "texture": "#2"},
				"down": {"uv": [0, 0, 11, 1], "texture": "#2"}
			}
		},
		{
			"name": "nozzle",
			"from": [14, 2, -15],
			"to": [15, 12, -14],
			"rotation": {"angle": 0, "axis": "y", "origin": [0, -2, -17]},
			"faces": {
				"north": {"uv": [0, 0, 10, 1], "rotation": 270, "texture": "#2"},
				"east": {"uv": [0, 0, 10, 1], "rotation": 90, "texture": "#2"},
				"south": {"uv": [0, 0, 10, 1], "rotation": 90, "texture": "#2"},
				"west": {"uv": [0, 0, 10, 1], "rotation": 90, "texture": "#2"},
				"up": {"uv": [0, 0, 1, 1], "rotation": 90, "texture": "#2"},
				"down": {"uv": [0, 0, 1, 1], "rotation": 90, "texture": "#2"}
			}
		},
		{
			"name": "nozzle",
			"from": [2, 2, -15],
			"to": [3, 12, -14],
			"rotation": {"angle": 0, "axis": "y", "origin": [0, -2, -17]},
			"faces": {
				"north": {"uv": [0, 0, 10, 1], "rotation": 270, "texture": "#2"},
				"east": {"uv": [0, 0, 10, 1], "rotation": 90, "texture": "#2"},
				"south": {"uv": [0, 0, 10, 1], "rotation": 90, "texture": "#2"},
				"west": {"uv": [0, 0, 10, 1], "rotation": 90, "texture": "#2"},
				"up": {"uv": [0, 0, 1, 1], "rotation": 90, "texture": "#2"},
				"down": {"uv": [0, 0, 1, 1], "rotation": 90, "texture": "#2"}
			}
		},
		{
			"from": [13, 5, -13],
			"to": [14, 6, -6],
			"rotation": {"angle": 0, "axis": "y", "origin": [0, -2, -17]},
			"faces": {
				"north": {"uv": [0, 0, 1, 1], "texture": "#3"},
				"east": {"uv": [0, 0, 7, 1], "texture": "#3"},
				"south": {"uv": [0, 0, 1, 1], "texture": "#3"},
				"west": {"uv": [0, 0, 7, 1], "texture": "#3"},
				"up": {"uv": [0, 0, 1, 7], "texture": "#3"},
				"down": {"uv": [0, 0, 1, 7], "texture": "#3"}
			}
		},
		{
			"from": [3, 5, -13],
			"to": [4, 6, -6],
			"rotation": {"angle": 0, "axis": "y", "origin": [0, -2, -17]},
			"faces": {
				"north": {"uv": [0, 0, 1, 1], "texture": "#3"},
				"east": {"uv": [0, 0, 7, 1], "texture": "#3"},
				"south": {"uv": [0, 0, 1, 1], "texture": "#3"},
				"west": {"uv": [0, 0, 7, 1], "texture": "#3"},
				"up": {"uv": [0, 0, 1, 7], "texture": "#3"},
				"down": {"uv": [0, 0, 1, 7], "texture": "#3"}
			}
		},
		{
			"from": [3, 3, -13],
			"to": [4, 4, -6],
			"rotation": {"angle": 0, "axis": "y", "origin": [0, -2, -17]},
			"faces": {
				"north": {"uv": [0, 0, 1, 1], "texture": "#3"},
				"east": {"uv": [0, 0, 7, 1], "texture": "#3"},
				"south": {"uv": [0, 0, 1, 1], "texture": "#3"},
				"west": {"uv": [0, 0, 7, 1], "texture": "#3"},
				"up": {"uv": [0, 0, 1, 7], "texture": "#3"},
				"down": {"uv": [0, 0, 1, 7], "texture": "#3"}
			}
		},
		{
			"from": [13, 3, -13],
			"to": [14, 4, -6],
			"rotation": {"angle": 0, "axis": "y", "origin": [0, -2, -17]},
			"faces": {
				"north": {"uv": [0, 0, 1, 1], "texture": "#3"},
				"east": {"uv": [0, 0, 7, 1], "texture": "#3"},
				"south": {"uv": [0, 0, 1, 1], "texture": "#3"},
				"west": {"uv": [0, 0, 7, 1], "texture": "#3"},
				"up": {"uv": [0, 0, 1, 7], "texture": "#3"},
				"down": {"uv": [0, 0, 1, 7], "texture": "#3"}
			}
		},
		{
			"from": [13, 6, -13],
			"to": [14, 10, -12],
			"rotation": {"angle": 0, "axis": "y", "origin": [0, -2, -17]},
			"faces": {
				"north": {"uv": [0, 0, 1, 4], "texture": "#3"},
				"east": {"uv": [0, 0, 1, 4], "texture": "#3"},
				"south": {"uv": [0, 0, 1, 4], "texture": "#3"},
				"west": {"uv": [0, 0, 1, 4], "texture": "#3"},
				"up": {"uv": [0, 0, 1, 1], "texture": "#3"},
				"down": {"uv": [0, 0, 1, 1], "texture": "#3"}
			}
		},
		{
			"from": [3, 6, -13],
			"to": [4, 10, -12],
			"rotation": {"angle": 0, "axis": "y", "origin": [0, -2, -17]},
			"faces": {
				"north": {"uv": [0, 0, 1, 4], "texture": "#3"},
				"east": {"uv": [0, 0, 1, 4], "texture": "#3"},
				"south": {"uv": [0, 0, 1, 4], "texture": "#3"},
				"west": {"uv": [0, 0, 1, 4], "texture": "#3"},
				"up": {"uv": [0, 0, 1, 1], "texture": "#3"},
				"down": {"uv": [0, 0, 1, 1], "texture": "#3"}
			}
		},
		{
			"from": [3, 10, -13],
			"to": [14, 11, -12],
			"rotation": {"angle": 0, "axis": "y", "origin": [0, -2, -17]},
			"faces": {
				"north": {"uv": [0, 0, 11, 1], "texture": "#3"},
				"east": {"uv": [0, 0, 1, 1], "texture": "#3"},
				"south": {"uv": [0, 0, 11, 1], "texture": "#3"},
				"west": {"uv": [0, 0, 1, 1], "texture": "#3"},
				"up": {"uv": [0, 0, 11, 1], "texture": "#3"},
				"down": {"uv": [0, 0, 11, 1], "texture": "#3"}
			}
		},
		{
			"from": [3, 10, -11],
			"to": [14, 11, -10],
			"rotation": {"angle": 0, "axis": "y", "origin": [0, -2, -17]},
			"faces": {
				"north": {"uv": [0, 0, 11, 1], "texture": "#3"},
				"east": {"uv": [0, 0, 1, 1], "texture": "#3"},
				"south": {"uv": [0, 0, 11, 1], "texture": "#3"},
				"west": {"uv": [0, 0, 1, 1], "texture": "#3"},
				"up": {"uv": [0, 0, 11, 1], "texture": "#3"},
				"down": {"uv": [0, 0, 11, 1], "texture": "#3"}
			}
		},
		{
			"from": [3, 6, -11],
			"to": [4, 10, -10],
			"rotation": {"angle": 0, "axis": "y", "origin": [0, -2, -17]},
			"faces": {
				"north": {"uv": [0, 0, 1, 4], "texture": "#3"},
				"east": {"uv": [0, 0, 1, 4], "texture": "#3"},
				"south": {"uv": [0, 0, 1, 4], "texture": "#3"},
				"west": {"uv": [0, 0, 1, 4], "texture": "#3"},
				"up": {"uv": [0, 0, 1, 1], "texture": "#3"},
				"down": {"uv": [0, 0, 1, 1], "texture": "#3"}
			}
		},
		{
			"from": [13, 6, -11],
			"to": [14, 10, -10],
			"rotation": {"angle": 0, "axis": "y", "origin": [0, -2, -17]},
			"faces": {
				"north": {"uv": [0, 0, 1, 4], "texture": "#3"},
				"east": {"uv": [0, 0, 1, 4], "texture": "#3"},
				"south": {"uv": [0, 0, 1, 4], "texture": "#3"},
				"west": {"uv": [0, 0, 1, 4], "texture": "#3"},
				"up": {"uv": [0, 0, 1, 1], "texture": "#3"},
				"down": {"uv": [0, 0, 1, 1], "texture": "#3"}
			}
		},
		{
			"from": [3, 10, -9],
			"to": [14, 11, -8],
			"rotation": {"angle": 0, "axis": "y", "origin": [0, -2, -17]},
			"faces": {
				"north": {"uv": [0, 0, 11, 1], "texture": "#3"},
				"east": {"uv": [0, 0, 1, 1], "texture": "#3"},
				"south": {"uv": [0, 0, 11, 1], "texture": "#3"},
				"west": {"uv": [0, 0, 1, 1], "texture": "#3"},
				"up": {"uv": [0, 0, 11, 1], "texture": "#3"},
				"down": {"uv": [0, 0, 11, 1], "texture": "#3"}
			}
		},
		{
			"from": [3, 6, -9],
			"to": [4, 10, -8],
			"rotation": {"angle": 0, "axis": "y", "origin": [0, -2, -17]},
			"faces": {
				"north": {"uv": [0, 0, 1, 4], "texture": "#3"},
				"east": {"uv": [0, 0, 1, 4], "texture": "#3"},
				"south": {"uv": [0, 0, 1, 4], "texture": "#3"},
				"west": {"uv": [0, 0, 1, 4], "texture": "#3"},
				"up": {"uv": [0, 0, 1, 1], "texture": "#3"},
				"down": {"uv": [0, 0, 1, 1], "texture": "#3"}
			}
		},
		{
			"from": [13, 6, -9],
			"to": [14, 10, -8],
			"rotation": {"angle": 0, "axis": "y", "origin": [0, -2, -17]},
			"faces": {
				"north": {"uv": [0, 0, 1, 4], "texture": "#3"},
				"east": {"uv": [0, 0, 1, 4], "texture": "#3"},
				"south": {"uv": [0, 0, 1, 4], "texture": "#3"},
				"west": {"uv": [0, 0, 1, 4], "texture": "#3"},
				"up": {"uv": [0, 0, 1, 1], "texture": "#3"},
				"down": {"uv": [0, 0, 1, 1], "texture": "#3"}
			}
		},
		{
			"from": [13, 6, -7],
			"to": [14, 10, -6],
			"rotation": {"angle": 0, "axis": "y", "origin": [0, -2, -17]},
			"faces": {
				"north": {"uv": [0, 0, 1, 4], "texture": "#3"},
				"east": {"uv": [0, 0, 1, 4], "texture": "#3"},
				"south": {"uv": [0, 0, 1, 4], "texture": "#3"},
				"west": {"uv": [0, 0, 1, 4], "texture": "#3"},
				"up": {"uv": [0, 0, 1, 1], "texture": "#3"},
				"down": {"uv": [0, 0, 1, 1], "texture": "#3"}
			}
		},
		{
			"from": [3, 10, -7],
			"to": [14, 11, -6],
			"rotation": {"angle": 0, "axis": "y", "origin": [0, -2, -17]},
			"faces": {
				"north": {"uv": [0, 0, 11, 1], "texture": "#3"},
				"east": {"uv": [0, 0, 1, 1], "texture": "#3"},
				"south": {"uv": [0, 0, 11, 1], "texture": "#3"},
				"west": {"uv": [0, 0, 1, 1], "texture": "#3"},
				"up": {"uv": [0, 0, 11, 1], "texture": "#3"},
				"down": {"uv": [0, 0, 11, 1], "texture": "#3"}
			}
		},
		{
			"from": [3, 6, -7],
			"to": [4, 10, -6],
			"rotation": {"angle": 0, "axis": "y", "origin": [0, -2, -17]},
			"faces": {
				"north": {"uv": [0, 0, 1, 4], "texture": "#3"},
				"east": {"uv": [0, 0, 1, 4], "texture": "#3"},
				"south": {"uv": [0, 0, 1, 4], "texture": "#3"},
				"west": {"uv": [0, 0, 1, 4], "texture": "#3"},
				"up": {"uv": [0, 0, 1, 1], "texture": "#3"},
				"down": {"uv": [0, 0, 1, 1], "texture": "#3"}
			}
		},
		{
			"name": "nozzle",
			"from": [2, 2, -14],
			"to": [3, 12, -13],
			"rotation": {"angle": 0, "axis": "y", "origin": [0, -2, -17]},
			"faces": {
				"north": {"uv": [0, 0, 10, 1], "rotation": 270, "texture": "#0"},
				"east": {"uv": [0, 0, 10, 1], "rotation": 90, "texture": "#0"},
				"south": {"uv": [0, 0, 10, 1], "rotation": 90, "texture": "#0"},
				"west": {"uv": [0, 0, 10, 1], "rotation": 90, "texture": "#0"},
				"up": {"uv": [0, 0, 1, 1], "rotation": 90, "texture": "#0"},
				"down": {"uv": [0, 0, 1, 1], "rotation": 90, "texture": "#0"}
			}
		},
		{
			"name": "nozzle",
			"from": [14, 2, -14],
			"to": [15, 12, -13],
			"rotation": {"angle": 0, "axis": "y", "origin": [0, -2, -17]},
			"faces": {
				"north": {"uv": [0, 0, 10, 1], "rotation": 270, "texture": "#0"},
				"east": {"uv": [0, 0, 10, 1], "rotation": 90, "texture": "#0"},
				"south": {"uv": [0, 0, 10, 1], "rotation": 90, "texture": "#0"},
				"west": {"uv": [0, 0, 10, 1], "rotation": 90, "texture": "#0"},
				"up": {"uv": [0, 0, 1, 1], "rotation": 90, "texture": "#0"},
				"down": {"uv": [0, 0, 1, 1], "rotation": 90, "texture": "#0"}
			}
		},
		{
			"name": "nozzle",
			"from": [3, 11, -14],
			"to": [14, 12, -13],
			"rotation": {"angle": 0, "axis": "y", "origin": [0, -2, -17]},
			"faces": {
				"north": {"uv": [0, 0, 11, 1], "texture": "#0"},
				"east": {"uv": [0, 0, 1, 1], "texture": "#0"},
				"south": {"uv": [0, 0, 11, 1], "texture": "#0"},
				"west": {"uv": [0, 0, 1, 1], "texture": "#0"},
				"up": {"uv": [0, 0, 11, 1], "texture": "#0"},
				"down": {"uv": [0, 0, 11, 1], "texture": "#0"}
			}
		},
		{
			"name": "nozzle",
			"from": [14, 6, -12],
			"to": [15, 12, -11],
			"rotation": {"angle": 0, "axis": "y", "origin": [0, -2, -17]},
			"faces": {
				"north": {"uv": [0, 0, 6, 1], "rotation": 270, "texture": "#0"},
				"east": {"uv": [0, 0, 6, 1], "rotation": 90, "texture": "#0"},
				"south": {"uv": [0, 0, 6, 1], "rotation": 90, "texture": "#0"},
				"west": {"uv": [0, 0, 6, 1], "rotation": 90, "texture": "#0"},
				"up": {"uv": [0, 0, 1, 1], "rotation": 90, "texture": "#0"},
				"down": {"uv": [0, 0, 1, 1], "rotation": 90, "texture": "#0"}
			}
		},
		{
			"name": "nozzle",
			"from": [2, 6, -12],
			"to": [3, 12, -11],
			"rotation": {"angle": 0, "axis": "y", "origin": [0, -2, -17]},
			"faces": {
				"north": {"uv": [0, 0, 6, 1], "rotation": 270, "texture": "#0"},
				"east": {"uv": [0, 0, 6, 1], "rotation": 90, "texture": "#0"},
				"south": {"uv": [0, 0, 6, 1], "rotation": 90, "texture": "#0"},
				"west": {"uv": [0, 0, 6, 1], "rotation": 90, "texture": "#0"},
				"up": {"uv": [0, 0, 1, 1], "rotation": 90, "texture": "#0"},
				"down": {"uv": [0, 0, 1, 1], "rotation": 90, "texture": "#0"}
			}
		},
		{
			"name": "nozzle",
			"from": [3, 11, -10],
			"to": [14, 12, -9],
			"rotation": {"angle": 0, "axis": "y", "origin": [0, -2, -17]},
			"faces": {
				"north": {"uv": [0, 0, 11, 1], "texture": "#0"},
				"east": {"uv": [0, 0, 1, 1], "texture": "#0"},
				"south": {"uv": [0, 0, 11, 1], "texture": "#0"},
				"west": {"uv": [0, 0, 1, 1], "texture": "#0"},
				"up": {"uv": [0, 0, 11, 1], "texture": "#0"},
				"down": {"uv": [0, 0, 11, 1], "texture": "#0"}
			}
		},
		{
			"name": "nozzle",
			"from": [14, 6, -10],
			"to": [15, 12, -9],
			"rotation": {"angle": 0, "axis": "y", "origin": [0, -2, -17]},
			"faces": {
				"north": {"uv": [0, 0, 6, 1], "rotation": 270, "texture": "#0"},
				"east": {"uv": [0, 0, 6, 1], "rotation": 90, "texture": "#0"},
				"south": {"uv": [0, 0, 6, 1], "rotation": 90, "texture": "#0"},
				"west": {"uv": [0, 0, 6, 1], "rotation": 90, "texture": "#0"},
				"up": {"uv": [0, 0, 1, 1], "rotation": 90, "texture": "#0"},
				"down": {"uv": [0, 0, 1, 1], "rotation": 90, "texture": "#0"}
			}
		},
		{
			"name": "nozzle",
			"from": [2, 6, -10],
			"to": [3, 12, -9],
			"rotation": {"angle": 0, "axis": "y", "origin": [0, -2, -17]},
			"faces": {
				"north": {"uv": [0, 0, 6, 1], "rotation": 270, "texture": "#0"},
				"east": {"uv": [0, 0, 6, 1], "rotation": 90, "texture": "#0"},
				"south": {"uv": [0, 0, 6, 1], "rotation": 90, "texture": "#0"},
				"west": {"uv": [0, 0, 6, 1], "rotation": 90, "texture": "#0"},
				"up": {"uv": [0, 0, 1, 1], "rotation": 90, "texture": "#0"},
				"down": {"uv": [0, 0, 1, 1], "rotation": 90, "texture": "#0"}
			}
		},
		{
			"name": "nozzle",
			"from": [2, 4, -13],
			"to": [3, 5, -6],
			"rotation": {"angle": 0, "axis": "y", "origin": [0, -2, -17]},
			"faces": {
				"north": {"uv": [0, 0, 1, 1], "rotation": 270, "texture": "#0"},
				"east": {"uv": [0, 0, 1, 7], "rotation": 90, "texture": "#0"},
				"south": {"uv": [0, 0, 1, 1], "rotation": 90, "texture": "#0"},
				"west": {"uv": [0, 0, 1, 7], "rotation": 90, "texture": "#0"},
				"up": {"uv": [0, 0, 7, 1], "rotation": 90, "texture": "#0"},
				"down": {"uv": [0, 0, 7, 1], "rotation": 90, "texture": "#0"}
			}
		},
		{
			"name": "nozzle",
			"from": [14, 4, -13],
			"to": [15, 5, -6],
			"rotation": {"angle": 0, "axis": "y", "origin": [0, -2, -17]},
			"faces": {
				"north": {"uv": [0, 0, 1, 1], "rotation": 270, "texture": "#0"},
				"east": {"uv": [0, 0, 1, 7], "rotation": 90, "texture": "#0"},
				"south": {"uv": [0, 0, 1, 1], "rotation": 90, "texture": "#0"},
				"west": {"uv": [0, 0, 1, 7], "rotation": 90, "texture": "#0"},
				"up": {"uv": [0, 0, 7, 1], "rotation": 90, "texture": "#0"},
				"down": {"uv": [0, 0, 7, 1], "rotation": 90, "texture": "#0"}
			}
		},
		{
			"name": "nozzle",
			"from": [2, 2, -13],
			"to": [3, 3, -6],
			"rotation": {"angle": 0, "axis": "y", "origin": [0, -2, -17]},
			"faces": {
				"north": {"uv": [0, 0, 1, 1], "texture": "#0"},
				"east": {"uv": [0, 0, 7, 1], "texture": "#0"},
				"south": {"uv": [0, 0, 1, 1], "texture": "#0"},
				"west": {"uv": [0, 0, 7, 1], "texture": "#0"},
				"up": {"uv": [0, 0, 1, 7], "texture": "#0"},
				"down": {"uv": [0, 0, 1, 7], "texture": "#0"}
			}
		},
		{
			"name": "nozzle",
			"from": [14, 2, -13],
			"to": [15, 3, -6],
			"rotation": {"angle": 0, "axis": "y", "origin": [0, -2, -17]},
			"faces": {
				"north": {"uv": [0, 0, 1, 1], "texture": "#0"},
				"east": {"uv": [0, 0, 7, 1], "texture": "#0"},
				"south": {"uv": [0, 0, 1, 1], "texture": "#0"},
				"west": {"uv": [0, 0, 7, 1], "texture": "#0"},
				"up": {"uv": [0, 0, 1, 7], "texture": "#0"},
				"down": {"uv": [0, 0, 1, 7], "texture": "#0"}
			}
		},
		{
			"name": "nozzle",
			"from": [3, 11, -8],
			"to": [14, 12, -7],
			"rotation": {"angle": 0, "axis": "y", "origin": [0, -2, -17]},
			"faces": {
				"north": {"uv": [0, 0, 11, 1], "texture": "#0"},
				"east": {"uv": [0, 0, 1, 1], "texture": "#0"},
				"south": {"uv": [0, 0, 11, 1], "texture": "#0"},
				"west": {"uv": [0, 0, 1, 1], "texture": "#0"},
				"up": {"uv": [0, 0, 11, 1], "texture": "#0"},
				"down": {"uv": [0, 0, 11, 1], "texture": "#0"}
			}
		},
		{
			"name": "nozzle",
			"from": [14, 6, -8],
			"to": [15, 12, -7],
			"rotation": {"angle": 0, "axis": "y", "origin": [0, -2, -17]},
			"faces": {
				"north": {"uv": [0, 0, 6, 1], "rotation": 270, "texture": "#0"},
				"east": {"uv": [0, 0, 6, 1], "rotation": 90, "texture": "#0"},
				"south": {"uv": [0, 0, 6, 1], "rotation": 90, "texture": "#0"},
				"west": {"uv": [0, 0, 6, 1], "rotation": 90, "texture": "#0"},
				"up": {"uv": [0, 0, 1, 1], "rotation": 90, "texture": "#0"},
				"down": {"uv": [0, 0, 1, 1], "rotation": 90, "texture": "#0"}
			}
		},
		{
			"name": "nozzle",
			"from": [2, 6, -8],
			"to": [3, 12, -7],
			"rotation": {"angle": 0, "axis": "y", "origin": [0, -2, -17]},
			"faces": {
				"north": {"uv": [0, 0, 6, 1], "rotation": 270, "texture": "#0"},
				"east": {"uv": [0, 0, 6, 1], "rotation": 90, "texture": "#0"},
				"south": {"uv": [0, 0, 6, 1], "rotation": 90, "texture": "#0"},
				"west": {"uv": [0, 0, 6, 1], "rotation": 90, "texture": "#0"},
				"up": {"uv": [0, 0, 1, 1], "rotation": 90, "texture": "#0"},
				"down": {"uv": [0, 0, 1, 1], "rotation": 90, "texture": "#0"}
			}
		},
		{
			"name": "nozzle",
			"from": [3, 11, -6],
			"to": [14, 12, -5],
			"rotation": {"angle": 0, "axis": "y", "origin": [0, -2, -17]},
			"faces": {
				"north": {"uv": [0, 0, 11, 1], "texture": "#0"},
				"east": {"uv": [0, 0, 1, 1], "texture": "#0"},
				"south": {"uv": [0, 0, 11, 1], "texture": "#0"},
				"west": {"uv": [0, 0, 1, 1], "texture": "#0"},
				"up": {"uv": [0, 0, 11, 1], "texture": "#0"},
				"down": {"uv": [0, 0, 11, 1], "texture": "#0"}
			}
		},
		{
			"name": "nozzle",
			"from": [3, 11, -5],
			"to": [4, 12, -4],
			"rotation": {"angle": 0, "axis": "y", "origin": [0, -2, -17]},
			"faces": {
				"north": {"uv": [0, 0, 1, 1], "texture": "#0"},
				"east": {"uv": [0, 0, 1, 1], "texture": "#0"},
				"south": {"uv": [0, 0, 1, 1], "texture": "#0"},
				"west": {"uv": [0, 0, 1, 1], "texture": "#0"},
				"up": {"uv": [0, 0, 1, 1], "texture": "#0"},
				"down": {"uv": [0, 0, 1, 1], "texture": "#0"}
			}
		},
		{
			"name": "nozzle",
			"from": [13, 11, -5],
			"to": [14, 12, -4],
			"rotation": {"angle": 0, "axis": "y", "origin": [0, -2, -17]},
			"faces": {
				"north": {"uv": [0, 0, 1, 1], "texture": "#0"},
				"east": {"uv": [0, 0, 1, 1], "texture": "#0"},
				"south": {"uv": [0, 0, 1, 1], "texture": "#0"},
				"west": {"uv": [0, 0, 1, 1], "texture": "#0"},
				"up": {"uv": [0, 0, 1, 1], "texture": "#0"},
				"down": {"uv": [0, 0, 1, 1], "texture": "#0"}
			}
		},
		{
			"name": "nozzle",
			"from": [14, 2, -6],
			"to": [15, 12, -4],
			"rotation": {"angle": 0, "axis": "y", "origin": [0, -2, -17]},
			"faces": {
				"north": {"uv": [0, 0, 10, 1], "rotation": 270, "texture": "#0"},
				"east": {"uv": [0, 0, 10, 2], "rotation": 90, "texture": "#0"},
				"south": {"uv": [0, 0, 10, 1], "rotation": 90, "texture": "#0"},
				"west": {"uv": [0, 0, 10, 2], "rotation": 90, "texture": "#0"},
				"up": {"uv": [0, 0, 2, 1], "rotation": 90, "texture": "#0"},
				"down": {"uv": [0, 0, 2, 1], "rotation": 90, "texture": "#0"}
			}
		},
		{
			"name": "nozzle",
			"from": [2, 2, -6],
			"to": [3, 12, -4],
			"rotation": {"angle": 0, "axis": "y", "origin": [0, -2, -17]},
			"faces": {
				"north": {"uv": [0, 0, 10, 1], "rotation": 270, "texture": "#0"},
				"east": {"uv": [0, 0, 10, 2], "rotation": 90, "texture": "#0"},
				"south": {"uv": [0, 0, 10, 1], "rotation": 90, "texture": "#0"},
				"west": {"uv": [0, 0, 10, 2], "rotation": 90, "texture": "#0"},
				"up": {"uv": [0, 0, 2, 1], "rotation": 90, "texture": "#0"},
				"down": {"uv": [0, 0, 2, 1], "rotation": 90, "texture": "#0"}
			}
		},
		{
			"name": "nozzle",
			"from": [3, 11, -12],
			"to": [14, 12, -11],
			"rotation": {"angle": 0, "axis": "y", "origin": [0, -2, -17]},
			"faces": {
				"north": {"uv": [0, 0, 11, 1], "texture": "#0"},
				"east": {"uv": [0, 0, 1, 1], "texture": "#0"},
				"south": {"uv": [0, 0, 11, 1], "texture": "#0"},
				"west": {"uv": [0, 0, 1, 1], "texture": "#0"},
				"up": {"uv": [0, 0, 11, 1], "texture": "#0"},
				"down": {"uv": [0, 0, 11, 1], "texture": "#0"}
			}
		},
		{
			"name": "nozzle",
			"from": [3, 2, -14],
			"to": [14, 3, -4],
			"rotation": {"angle": 0, "axis": "y", "origin": [0, -2, -17]},
			"faces": {
				"north": {"uv": [0, 14, 11, 15], "texture": "#0"},
				"east": {"uv": [0, 15, 10, 16], "texture": "#0"},
				"south": {"uv": [0, 15, 11, 16], "texture": "#0"},
				"west": {"uv": [6, 5, 16, 6], "texture": "#0"},
				"up": {"uv": [5, 6, 16, 16], "texture": "#0"},
				"down": {"uv": [14, 14, 16, 16], "texture": "#0"}
			}
		},
		{
			"name": "frame",
			"from": [5, 13, -3],
			"to": [8, 14, -2],
			"rotation": {"angle": 0, "axis": "y", "origin": [0, -2, -17]},
			"faces": {
				"north": {"uv": [2, 3, 5, 4], "texture": "#5"},
				"east": {"uv": [3, 3, 4, 4], "texture": "#5"},
				"south": {"uv": [2, 3, 5, 4], "texture": "#5"},
				"west": {"uv": [2, 3, 3, 4], "texture": "#5"},
				"up": {"uv": [2, 3, 5, 4], "texture": "#5"},
				"down": {"uv": [3, 3, 6, 4], "texture": "#5"}
			}
		},
		{
			"name": "frame",
			"from": [7, 13, -4],
			"to": [8, 14, -3],
			"rotation": {"angle": 0, "axis": "y", "origin": [0, -2, -17]},
			"faces": {
				"north": {"uv": [2, 3, 3, 4], "texture": "#5"},
				"east": {"uv": [3, 3, 4, 4], "texture": "#5"},
				"south": {"uv": [2, 3, 3, 4], "texture": "#5"},
				"west": {"uv": [2, 3, 3, 4], "texture": "#5"},
				"up": {"uv": [2, 3, 3, 4], "texture": "#5"},
				"down": {"uv": [3, 3, 4, 4], "texture": "#5"}
			}
		},
		{
			"name": "frame",
			"from": [5, 13, -4],
			"to": [6, 14, -3],
			"rotation": {"angle": 0, "axis": "y", "origin": [0, -2, -17]},
			"faces": {
				"north": {"uv": [2, 3, 3, 4], "texture": "#5"},
				"east": {"uv": [3, 3, 4, 4], "texture": "#5"},
				"south": {"uv": [2, 3, 3, 4], "texture": "#5"},
				"west": {"uv": [2, 3, 3, 4], "texture": "#5"},
				"up": {"uv": [2, 3, 3, 4], "texture": "#5"},
				"down": {"uv": [3, 3, 4, 4], "texture": "#5"}
			}
		},
		{
			"name": "frame",
			"from": [5, 13, -5],
			"to": [8, 14, -4],
			"rotation": {"angle": 0, "axis": "y", "origin": [0, -2, -17]},
			"faces": {
				"north": {"uv": [2, 3, 5, 4], "texture": "#5"},
				"east": {"uv": [3, 3, 4, 4], "texture": "#5"},
				"south": {"uv": [2, 3, 5, 4], "texture": "#5"},
				"west": {"uv": [2, 3, 3, 4], "texture": "#5"},
				"up": {"uv": [2, 3, 5, 4], "texture": "#5"},
				"down": {"uv": [3, 3, 6, 4], "texture": "#5"}
			}
		},
		{
			"name": "frame",
			"from": [9, 13, -5],
			"to": [12, 14, -4],
			"rotation": {"angle": 0, "axis": "y", "origin": [0, -2, -17]},
			"faces": {
				"north": {"uv": [2, 3, 5, 4], "texture": "#5"},
				"east": {"uv": [3, 3, 4, 4], "texture": "#5"},
				"south": {"uv": [2, 3, 5, 4], "texture": "#5"},
				"west": {"uv": [2, 3, 3, 4], "texture": "#5"},
				"up": {"uv": [2, 3, 5, 4], "texture": "#5"},
				"down": {"uv": [3, 3, 6, 4], "texture": "#5"}
			}
		},
		{
			"name": "frame",
			"from": [9, 13, -4],
			"to": [10, 14, -3],
			"rotation": {"angle": 0, "axis": "y", "origin": [0, -2, -17]},
			"faces": {
				"north": {"uv": [2, 3, 3, 4], "texture": "#5"},
				"east": {"uv": [3, 3, 4, 4], "texture": "#5"},
				"south": {"uv": [2, 3, 3, 4], "texture": "#5"},
				"west": {"uv": [2, 3, 3, 4], "texture": "#5"},
				"up": {"uv": [2, 3, 3, 4], "texture": "#5"},
				"down": {"uv": [3, 3, 4, 4], "texture": "#5"}
			}
		},
		{
			"name": "frame",
			"from": [11, 13, -4],
			"to": [12, 14, -3],
			"rotation": {"angle": 0, "axis": "y", "origin": [0, -2, -17]},
			"faces": {
				"north": {"uv": [2, 3, 3, 4], "texture": "#5"},
				"east": {"uv": [3, 3, 4, 4], "texture": "#5"},
				"south": {"uv": [2, 3, 3, 4], "texture": "#5"},
				"west": {"uv": [2, 3, 3, 4], "texture": "#5"},
				"up": {"uv": [2, 3, 3, 4], "texture": "#5"},
				"down": {"uv": [3, 3, 4, 4], "texture": "#5"}
			}
		},
		{
			"name": "frame",
			"from": [9, 13, -3],
			"to": [12, 14, -2],
			"rotation": {"angle": 0, "axis": "y", "origin": [0, -2, -17]},
			"faces": {
				"north": {"uv": [2, 3, 5, 4], "texture": "#5"},
				"east": {"uv": [3, 3, 4, 4], "texture": "#5"},
				"south": {"uv": [2, 3, 5, 4], "texture": "#5"},
				"west": {"uv": [2, 3, 3, 4], "texture": "#5"},
				"up": {"uv": [2, 3, 5, 4], "texture": "#5"},
				"down": {"uv": [3, 3, 6, 4], "texture": "#5"}
			}
		},
		{
			"name": "nipple_itself",
			"from": [6, 13, -4],
			"to": [7, 14, -3],
			"rotation": {"angle": 0, "axis": "y", "origin": [0, -2, -17]},
			"faces": {
				"north": {"uv": [7, 3, 8, 4], "texture": "#4"},
				"east": {"uv": [0, 0, 1, 1], "texture": "#4"},
				"south": {"uv": [5, 2, 6, 3], "texture": "#4"},
				"west": {"uv": [6, 1, 7, 2], "texture": "#4"},
				"up": {"uv": [4, 2, 5, 3], "texture": "#4"},
				"down": {"uv": [5, 3, 6, 4], "texture": "#4"}
			}
		},
		{
			"name": "nipple_itself",
			"from": [10, 13, -4],
			"to": [11, 14, -3],
			"rotation": {"angle": 0, "axis": "y", "origin": [0, -2, -17]},
			"faces": {
				"north": {"uv": [7, 3, 8, 4], "texture": "#4"},
				"east": {"uv": [0, 0, 1, 1], "texture": "#4"},
				"south": {"uv": [5, 2, 6, 3], "texture": "#4"},
				"west": {"uv": [6, 1, 7, 2], "texture": "#4"},
				"up": {"uv": [4, 2, 5, 3], "texture": "#4"},
				"down": {"uv": [5, 3, 6, 4], "texture": "#4"}
			}
		},
		{
			"name": "base",
			"from": [4, 11, -5],
			"to": [13, 13, 16],
			"rotation": {"angle": 0, "axis": "y", "origin": [0, -2, -17]},
			"faces": {
				"north": {"uv": [0, 4, 9, 6], "texture": "#5"},
				"east": {"uv": [0, 3, 16, 5], "texture": "#5"},
				"south": {"uv": [1, 3, 10, 5], "texture": "#5"},
				"west": {"uv": [0, 2, 16, 4], "texture": "#5"},
				"up": {"uv": [3, 0, 12, 16], "texture": "#5"},
				"down": {"uv": [2, 0, 11, 16], "texture": "#5"}
			}
		},
		{
			"name": "base",
			"from": [3, 10, -4],
			"to": [14, 11, 17],
			"rotation": {"angle": 0, "axis": "y", "origin": [0, -2, -17]},
			"faces": {
				"north": {"uv": [0, 4, 11, 5], "texture": "#5"},
				"east": {"uv": [0, 3, 16, 4], "texture": "#5"},
				"south": {"uv": [1, 3, 12, 4], "texture": "#5"},
				"west": {"uv": [0, 2, 16, 3], "texture": "#5"},
				"up": {"uv": [3, 0, 14, 16], "texture": "#5"},
				"down": {"uv": [2, 0, 13, 16], "texture": "#5"}
			}
		},
		{
			"name": "plate_1",
			"from": [4, 13, -1],
			"to": [13, 14, 6],
			"rotation": {"angle": 0, "axis": "y", "origin": [0, -2, -17]},
			"faces": {
				"north": {"uv": [5, 2, 14, 3], "texture": "#5"},
				"east": {"uv": [8, 7, 15, 8], "texture": "#5"},
				"south": {"uv": [5, 4, 14, 5], "texture": "#5"},
				"west": {"uv": [5, 4, 12, 5], "texture": "#5"},
				"up": {"uv": [5, 3, 14, 10], "texture": "#5"},
				"down": {"uv": [4, 1, 13, 8], "texture": "#5"}
			}
		},
		{
			"name": "plate_1",
			"from": [7, 14, 3],
			"to": [10, 15, 5],
			"rotation": {"angle": 0, "axis": "y", "origin": [0, -2, -17]},
			"faces": {
				"north": {"uv": [5, 2, 8, 3], "texture": "#5"},
				"east": {"uv": [8, 7, 10, 8], "texture": "#5"},
				"south": {"uv": [5, 4, 8, 5], "texture": "#5"},
				"west": {"uv": [5, 4, 7, 5], "texture": "#5"},
				"up": {"uv": [5, 3, 8, 5], "texture": "#5"},
				"down": {"uv": [4, 1, 7, 3], "texture": "#5"}
			}
		},
		{
			"name": "plate_1",
			"from": [8, 14, 1],
			"to": [9, 15, 2],
			"rotation": {"angle": 0, "axis": "y", "origin": [0, -2, -17]},
			"faces": {
				"north": {"uv": [5, 2, 6, 3], "texture": "#5"},
				"east": {"uv": [8, 7, 9, 8], "texture": "#5"},
				"south": {"uv": [5, 4, 6, 5], "texture": "#5"},
				"west": {"uv": [5, 4, 6, 5], "texture": "#5"},
				"up": {"uv": [5, 3, 6, 4], "texture": "#5"},
				"down": {"uv": [4, 1, 5, 2], "texture": "#5"}
			}
		},
		{
			"name": "plate_1",
			"from": [11, 14, 2],
			"to": [12, 15, 5],
			"rotation": {"angle": 0, "axis": "y", "origin": [0, -2, -17]},
			"faces": {
				"north": {"uv": [5, 2, 6, 3], "texture": "#5"},
				"east": {"uv": [8, 7, 11, 8], "texture": "#5"},
				"south": {"uv": [5, 4, 6, 5], "texture": "#5"},
				"west": {"uv": [5, 4, 8, 5], "texture": "#5"},
				"up": {"uv": [5, 3, 6, 6], "texture": "#5"},
				"down": {"uv": [4, 1, 5, 4], "texture": "#5"}
			}
		},
		{
			"name": "plate_1",
			"from": [11, 14, 0],
			"to": [12, 15, 1],
			"rotation": {"angle": 0, "axis": "y", "origin": [0, -2, -17]},
			"faces": {
				"north": {"uv": [5, 2, 6, 3], "texture": "#5"},
				"east": {"uv": [8, 7, 9, 8], "texture": "#5"},
				"south": {"uv": [5, 4, 6, 5], "texture": "#5"},
				"west": {"uv": [5, 4, 6, 5], "texture": "#5"},
				"up": {"uv": [5, 3, 6, 4], "texture": "#5"},
				"down": {"uv": [4, 1, 5, 2], "texture": "#5"}
			}
		},
		{
			"name": "plate_1",
			"from": [5, 14, 0],
			"to": [6, 15, 1],
			"rotation": {"angle": 0, "axis": "y", "origin": [0, -2, -17]},
			"faces": {
				"north": {"uv": [5, 2, 6, 3], "texture": "#5"},
				"east": {"uv": [8, 7, 9, 8], "texture": "#5"},
				"south": {"uv": [5, 4, 6, 5], "texture": "#5"},
				"west": {"uv": [5, 4, 6, 5], "texture": "#5"},
				"up": {"uv": [5, 3, 6, 4], "texture": "#5"},
				"down": {"uv": [4, 1, 5, 2], "texture": "#5"}
			}
		},
		{
			"name": "plate_1",
			"from": [5, 14, 2],
			"to": [6, 15, 5],
			"rotation": {"angle": 0, "axis": "y", "origin": [0, -2, -17]},
			"faces": {
				"north": {"uv": [5, 2, 6, 3], "texture": "#5"},
				"east": {"uv": [8, 7, 11, 8], "texture": "#5"},
				"south": {"uv": [5, 4, 6, 5], "texture": "#5"},
				"west": {"uv": [5, 4, 8, 5], "texture": "#5"},
				"up": {"uv": [5, 3, 6, 6], "texture": "#5"},
				"down": {"uv": [4, 1, 5, 4], "texture": "#5"}
			}
		},
		{
			"name": "plate_2",
			"from": [4, 13, 7],
			"to": [13, 14, 14],
			"rotation": {"angle": 0, "axis": "y", "origin": [0, -2, -17]},
			"faces": {
				"north": {"uv": [5, 2, 14, 3], "texture": "#5"},
				"east": {"uv": [8, 7, 15, 8], "texture": "#5"},
				"south": {"uv": [5, 4, 14, 5], "texture": "#5"},
				"west": {"uv": [5, 4, 12, 5], "texture": "#5"},
				"up": {"uv": [5, 3, 14, 10], "texture": "#5"},
				"down": {"uv": [4, 1, 13, 8], "texture": "#5"}
			}
		},
		{
			"name": "rod",
			"from": [10, 14, 7],
			"to": [12, 15, 8],
			"rotation": {"angle": 0, "axis": "y", "origin": [0, -2, -17]},
			"faces": {
				"north": {"uv": [0, 0, 2, 1], "texture": "#6"},
				"east": {"uv": [0, 0, 1, 1], "texture": "#6"},
				"south": {"uv": [0, 0, 2, 1], "texture": "#6"},
				"west": {"uv": [0, 0, 1, 1], "texture": "#6"},
				"up": {"uv": [0, 0, 2, 1], "texture": "#6"},
				"down": {"uv": [0, 0, 2, 1], "texture": "#6"}
			}
		},
		{
			"name": "rod",
			"from": [10, 14, 13],
			"to": [12, 15, 14],
			"rotation": {"angle": 0, "axis": "y", "origin": [0, -2, -17]},
			"faces": {
				"north": {"uv": [0, 0, 2, 1], "texture": "#6"},
				"east": {"uv": [0, 0, 1, 1], "texture": "#6"},
				"south": {"uv": [0, 0, 2, 1], "texture": "#6"},
				"west": {"uv": [0, 0, 1, 1], "texture": "#6"},
				"up": {"uv": [0, 0, 2, 1], "texture": "#6"},
				"down": {"uv": [0, 0, 2, 1], "texture": "#6"}
			}
		},
		{
			"name": "rod",
			"from": [5, 14, 7],
			"to": [7, 15, 8],
			"rotation": {"angle": 0, "axis": "y", "origin": [0, -2, -17]},
			"faces": {
				"north": {"uv": [0, 0, 2, 1], "texture": "#6"},
				"east": {"uv": [0, 0, 1, 1], "texture": "#6"},
				"south": {"uv": [0, 0, 2, 1], "texture": "#6"},
				"west": {"uv": [0, 0, 1, 1], "texture": "#6"},
				"up": {"uv": [0, 0, 2, 1], "texture": "#6"},
				"down": {"uv": [0, 0, 2, 1], "texture": "#6"}
			}
		},
		{
			"name": "rod",
			"from": [5, 14, 13],
			"to": [7, 15, 14],
			"rotation": {"angle": 0, "axis": "y", "origin": [0, -2, -17]},
			"faces": {
				"north": {"uv": [0, 0, 2, 1], "texture": "#6"},
				"east": {"uv": [0, 0, 1, 1], "texture": "#6"},
				"south": {"uv": [0, 0, 2, 1], "texture": "#6"},
				"west": {"uv": [0, 0, 1, 1], "texture": "#6"},
				"up": {"uv": [0, 0, 2, 1], "texture": "#6"},
				"down": {"uv": [0, 0, 2, 1], "texture": "#6"}
			}
		},
		{
			"name": "rod_red",
			"from": [5, 14, 8],
			"to": [7, 15, 13],
			"rotation": {"angle": 0, "axis": "y", "origin": [0, -2, -17]},
			"faces": {
				"north": {"uv": [0, 0, 2, 1], "texture": "#7"},
				"east": {"uv": [0, 0, 5, 1], "texture": "#7"},
				"south": {"uv": [0, 0, 2, 1], "texture": "#7"},
				"west": {"uv": [0, 0, 5, 1], "texture": "#7"},
				"up": {"uv": [2, 0, 4, 5], "texture": "#7"},
				"down": {"uv": [2, 0, 4, 5], "texture": "#7"}
			}
		},
		{
			"name": "rod_red",
			"from": [10, 14, 8],
			"to": [12, 15, 13],
			"rotation": {"angle": 0, "axis": "y", "origin": [0, -2, -17]},
			"faces": {
				"north": {"uv": [0, 0, 2, 1], "texture": "#7"},
				"east": {"uv": [0, 0, 5, 1], "texture": "#7"},
				"south": {"uv": [0, 0, 2, 1], "texture": "#7"},
				"west": {"uv": [0, 0, 5, 1], "texture": "#7"},
				"up": {"uv": [2, 0, 4, 5], "texture": "#7"},
				"down": {"uv": [2, 0, 4, 5], "texture": "#7"}
			}
		},
		{
			"name": "red_btn",
			"from": [8, 14, 8],
			"to": [9, 15, 9],
			"rotation": {"angle": 0, "axis": "y", "origin": [0, -2, -17]},
			"faces": {
				"north": {"uv": [0, 0, 1, 1], "texture": "#4"},
				"east": {"uv": [0, 0, 1, 1], "texture": "#4"},
				"south": {"uv": [0, 0, 1, 1], "texture": "#4"},
				"west": {"uv": [0, 0, 1, 1], "texture": "#4"},
				"up": {"uv": [0, 0, 1, 1], "texture": "#4"},
				"down": {"uv": [0, 0, 1, 1], "texture": "#4"}
			}
		},
		{
			"name": "red_btn",
			"from": [8, 14, 10],
			"to": [9, 15, 11],
			"rotation": {"angle": 0, "axis": "y", "origin": [0, -2, -17]},
			"faces": {
				"north": {"uv": [0, 0, 1, 1], "texture": "#4"},
				"east": {"uv": [0, 0, 1, 1], "texture": "#4"},
				"south": {"uv": [0, 0, 1, 1], "texture": "#4"},
				"west": {"uv": [0, 0, 1, 1], "texture": "#4"},
				"up": {"uv": [0, 0, 1, 1], "texture": "#4"},
				"down": {"uv": [0, 0, 1, 1], "texture": "#4"}
			}
		},
		{
			"name": "red_btn",
			"from": [8, 14, 12],
			"to": [9, 15, 13],
			"rotation": {"angle": 0, "axis": "y", "origin": [0, -2, -17]},
			"faces": {
				"north": {"uv": [0, 0, 1, 1], "texture": "#4"},
				"east": {"uv": [0, 0, 1, 1], "texture": "#4"},
				"south": {"uv": [0, 0, 1, 1], "texture": "#4"},
				"west": {"uv": [0, 0, 1, 1], "texture": "#4"},
				"up": {"uv": [0, 0, 1, 1], "texture": "#4"},
				"down": {"uv": [0, 0, 1, 1], "texture": "#4"}
			}
		},
		{
			"name": "yellow_hooks",
			"from": [13, 11, 3],
			"to": [14, 12, 4],
			"rotation": {"angle": 0, "axis": "y", "origin": [0, -2, -17]},
			"faces": {
				"north": {"uv": [0, 0, 1, 1], "texture": "#8"},
				"east": {"uv": [0, 0, 1, 1], "texture": "#8"},
				"south": {"uv": [0, 0, 1, 1], "texture": "#8"},
				"west": {"uv": [0, 0, 1, 1], "texture": "#8"},
				"up": {"uv": [0, 0, 1, 1], "texture": "#8"},
				"down": {"uv": [0, 0, 1, 1], "texture": "#8"}
			}
		},
		{
			"name": "yellow_hooks",
			"from": [13, 12, 3],
			"to": [14, 13, 6],
			"rotation": {"angle": 0, "axis": "y", "origin": [0, -2, -17]},
			"faces": {
				"north": {"uv": [0, 0, 1, 1], "texture": "#8"},
				"east": {"uv": [0, 0, 3, 1], "texture": "#8"},
				"south": {"uv": [0, 0, 1, 1], "texture": "#8"},
				"west": {"uv": [0, 0, 3, 1], "texture": "#8"},
				"up": {"uv": [0, 0, 1, 3], "texture": "#8"},
				"down": {"uv": [0, 0, 1, 3], "texture": "#8"}
			}
		},
		{
			"name": "yellow_hooks",
			"from": [13, 11, 5],
			"to": [14, 12, 6],
			"rotation": {"angle": 0, "axis": "y", "origin": [0, -2, -17]},
			"faces": {
				"north": {"uv": [0, 0, 1, 1], "texture": "#8"},
				"east": {"uv": [0, 0, 1, 1], "texture": "#8"},
				"south": {"uv": [0, 0, 1, 1], "texture": "#8"},
				"west": {"uv": [0, 0, 1, 1], "texture": "#8"},
				"up": {"uv": [0, 0, 1, 1], "texture": "#8"},
				"down": {"uv": [0, 0, 1, 1], "texture": "#8"}
			}
		},
		{
			"name": "yellow_hooks",
			"from": [3, 11, 5],
			"to": [4, 12, 6],
			"rotation": {"angle": 0, "axis": "y", "origin": [0, -2, -17]},
			"faces": {
				"north": {"uv": [0, 0, 1, 1], "texture": "#8"},
				"east": {"uv": [0, 0, 1, 1], "texture": "#8"},
				"south": {"uv": [0, 0, 1, 1], "texture": "#8"},
				"west": {"uv": [0, 0, 1, 1], "texture": "#8"},
				"up": {"uv": [0, 0, 1, 1], "texture": "#8"},
				"down": {"uv": [0, 0, 1, 1], "texture": "#8"}
			}
		},
		{
			"name": "yellow_hooks",
			"from": [3, 12, 3],
			"to": [4, 13, 6],
			"rotation": {"angle": 0, "axis": "y", "origin": [0, -2, -17]},
			"faces": {
				"north": {"uv": [0, 0, 1, 1], "texture": "#8"},
				"east": {"uv": [0, 0, 3, 1], "texture": "#8"},
				"south": {"uv": [0, 0, 1, 1], "texture": "#8"},
				"west": {"uv": [0, 0, 3, 1], "texture": "#8"},
				"up": {"uv": [0, 0, 1, 3], "texture": "#8"},
				"down": {"uv": [0, 0, 1, 3], "texture": "#8"}
			}
		},
		{
			"name": "yellow_hooks",
			"from": [3, 11, 3],
			"to": [4, 12, 4],
			"rotation": {"angle": 0, "axis": "y", "origin": [0, -2, -17]},
			"faces": {
				"north": {"uv": [0, 0, 1, 1], "texture": "#8"},
				"east": {"uv": [0, 0, 1, 1], "texture": "#8"},
				"south": {"uv": [0, 0, 1, 1], "texture": "#8"},
				"west": {"uv": [0, 0, 1, 1], "texture": "#8"},
				"up": {"uv": [0, 0, 1, 1], "texture": "#8"},
				"down": {"uv": [0, 0, 1, 1], "texture": "#8"}
			}
		},
		{
			"name": "blinds",
			"from": [4, 3, -7],
			"to": [13, 10, -6],
			"rotation": {"angle": 0, "axis": "y", "origin": [0, -2, -17]},
			"faces": {
				"north": {"uv": [0, 0, 13, 6], "texture": "#1"},
				"east": {"uv": [0, 0, 16, 6], "texture": "#1"},
				"south": {"uv": [0, 0, 13, 6], "texture": "#1"},
				"west": {"uv": [0, 0, 16, 6], "texture": "#1"},
				"up": {"uv": [0, 0, 13, 16], "texture": "#1"},
				"down": {"uv": [3, 0, 16, 16], "texture": "#1"}
			}
		},
		{
			"name": "base",
			"from": [2, 4, -4],
			"to": [15, 10, 18],
			"rotation": {"angle": 0, "axis": "y", "origin": [0, -2, -17]},
			"faces": {
				"north": {"uv": [0, 0, 13, 6], "texture": "#6"},
				"east": {"uv": [0, 0, 16, 6], "texture": "#6"},
				"south": {"uv": [0, 0, 13, 6], "texture": "#6"},
				"west": {"uv": [0, 0, 16, 6], "texture": "#6"},
				"up": {"uv": [0, 0, 13, 16], "texture": "#6"},
				"down": {"uv": [3, 0, 16, 16], "texture": "#6"}
			}
		},
		{
			"name": "radiaator",
			"from": [0, 4, -2],
			"to": [1, 8, -1],
			"rotation": {"angle": 0, "axis": "y", "origin": [0, -2, -17]},
			"faces": {
				"north": {"uv": [1, 0, 2, 4], "texture": "#5"},
				"east": {"uv": [1, 0, 2, 4], "texture": "#5"},
				"south": {"uv": [1, 0, 2, 4], "texture": "#5"},
				"west": {"uv": [2, 0, 3, 4], "texture": "#5"},
				"up": {"uv": [3, 1, 4, 2], "texture": "#5"},
				"down": {"uv": [1, 1, 2, 2], "texture": "#5"}
			}
		},
		{
			"name": "radiaator",
			"from": [0, 4, 0],
			"to": [1, 8, 1],
			"rotation": {"angle": 0, "axis": "y", "origin": [0, -2, -17]},
			"faces": {
				"north": {"uv": [1, 0, 2, 4], "texture": "#5"},
				"east": {"uv": [1, 0, 2, 4], "texture": "#5"},
				"south": {"uv": [1, 0, 2, 4], "texture": "#5"},
				"west": {"uv": [2, 0, 3, 4], "texture": "#5"},
				"up": {"uv": [3, 1, 4, 2], "texture": "#5"},
				"down": {"uv": [1, 1, 2, 2], "texture": "#5"}
			}
		},
		{
			"name": "radiaator",
			"from": [0, 4, 2],
			"to": [1, 8, 3],
			"rotation": {"angle": 0, "axis": "y", "origin": [0, -2, -17]},
			"faces": {
				"north": {"uv": [1, 0, 2, 4], "texture": "#5"},
				"east": {"uv": [1, 0, 2, 4], "texture": "#5"},
				"south": {"uv": [1, 0, 2, 4], "texture": "#5"},
				"west": {"uv": [2, 0, 3, 4], "texture": "#5"},
				"up": {"uv": [3, 1, 4, 2], "texture": "#5"},
				"down": {"uv": [1, 1, 2, 2], "texture": "#5"}
			}
		},
		{
			"name": "radiaator",
			"from": [1, 8, 2],
			"to": [2, 9, 3],
			"rotation": {"angle": 0, "axis": "y", "origin": [0, -2, -17]},
			"faces": {
				"north": {"uv": [1, 0, 2, 1], "texture": "#5"},
				"east": {"uv": [1, 0, 2, 1], "texture": "#5"},
				"south": {"uv": [1, 0, 2, 1], "texture": "#5"},
				"west": {"uv": [2, 0, 3, 1], "texture": "#5"},
				"up": {"uv": [3, 1, 4, 2], "texture": "#5"},
				"down": {"uv": [1, 1, 2, 2], "texture": "#5"}
			}
		},
		{
			"name": "radiaator",
			"from": [1, 8, 0],
			"to": [2, 9, 1],
			"rotation": {"angle": 0, "axis": "y", "origin": [0, -2, -17]},
			"faces": {
				"north": {"uv": [1, 0, 2, 1], "texture": "#5"},
				"east": {"uv": [1, 0, 2, 1], "texture": "#5"},
				"south": {"uv": [1, 0, 2, 1], "texture": "#5"},
				"west": {"uv": [2, 0, 3, 1], "texture": "#5"},
				"up": {"uv": [3, 1, 4, 2], "texture": "#5"},
				"down": {"uv": [1, 1, 2, 2], "texture": "#5"}
			}
		},
		{
			"name": "radiaator",
			"from": [1, 8, -2],
			"to": [2, 9, -1],
			"rotation": {"angle": 0, "axis": "y", "origin": [0, -2, -17]},
			"faces": {
				"north": {"uv": [1, 0, 2, 1], "texture": "#5"},
				"east": {"uv": [1, 0, 2, 1], "texture": "#5"},
				"south": {"uv": [1, 0, 2, 1], "texture": "#5"},
				"west": {"uv": [2, 0, 3, 1], "texture": "#5"},
				"up": {"uv": [3, 1, 4, 2], "texture": "#5"},
				"down": {"uv": [1, 1, 2, 2], "texture": "#5"}
			}
		},
		{
			"name": "radiaator",
			"from": [1, 3, -2],
			"to": [3, 4, 3],
			"rotation": {"angle": 0, "axis": "y", "origin": [0, -2, -17]},
			"faces": {
				"north": {"uv": [1, 0, 3, 1], "texture": "#5"},
				"east": {"uv": [1, 0, 6, 1], "texture": "#5"},
				"south": {"uv": [1, 0, 3, 1], "texture": "#5"},
				"west": {"uv": [2, 0, 7, 1], "texture": "#5"},
				"up": {"uv": [3, 1, 5, 6], "texture": "#5"},
				"down": {"uv": [1, 1, 3, 6], "texture": "#5"}
			}
		},
		{
			"name": "radiaator",
			"from": [14, 3, -2],
			"to": [16, 4, 3],
			"rotation": {"angle": 0, "axis": "y", "origin": [0, -2, -17]},
			"faces": {
				"north": {"uv": [1, 0, 3, 1], "texture": "#5"},
				"east": {"uv": [1, 0, 6, 1], "texture": "#5"},
				"south": {"uv": [1, 0, 3, 1], "texture": "#5"},
				"west": {"uv": [2, 0, 7, 1], "texture": "#5"},
				"up": {"uv": [3, 1, 5, 6], "texture": "#5"},
				"down": {"uv": [1, 1, 3, 6], "texture": "#5"}
			}
		},
		{
			"name": "radiaator",
			"from": [15, 8, 0],
			"to": [16, 9, 1],
			"rotation": {"angle": 0, "axis": "y", "origin": [0, -2, -17]},
			"faces": {
				"north": {"uv": [1, 0, 2, 1], "texture": "#5"},
				"east": {"uv": [1, 0, 2, 1], "texture": "#5"},
				"south": {"uv": [1, 0, 2, 1], "texture": "#5"},
				"west": {"uv": [2, 0, 3, 1], "texture": "#5"},
				"up": {"uv": [3, 1, 4, 2], "texture": "#5"},
				"down": {"uv": [1, 1, 2, 2], "texture": "#5"}
			}
		},
		{
			"name": "radiaator",
			"from": [15, 8, 2],
			"to": [16, 9, 3],
			"rotation": {"angle": 0, "axis": "y", "origin": [0, -2, -17]},
			"faces": {
				"north": {"uv": [1, 0, 2, 1], "texture": "#5"},
				"east": {"uv": [1, 0, 2, 1], "texture": "#5"},
				"south": {"uv": [1, 0, 2, 1], "texture": "#5"},
				"west": {"uv": [2, 0, 3, 1], "texture": "#5"},
				"up": {"uv": [3, 1, 4, 2], "texture": "#5"},
				"down": {"uv": [1, 1, 2, 2], "texture": "#5"}
			}
		},
		{
			"name": "radiaator",
			"from": [16, 4, 2],
			"to": [17, 8, 3],
			"rotation": {"angle": 0, "axis": "y", "origin": [0, -2, -17]},
			"faces": {
				"north": {"uv": [1, 0, 2, 4], "texture": "#5"},
				"east": {"uv": [1, 0, 2, 4], "texture": "#5"},
				"south": {"uv": [1, 0, 2, 4], "texture": "#5"},
				"west": {"uv": [2, 0, 3, 4], "texture": "#5"},
				"up": {"uv": [3, 1, 4, 2], "texture": "#5"},
				"down": {"uv": [1, 1, 2, 2], "texture": "#5"}
			}
		},
		{
			"name": "radiaator",
			"from": [16, 4, 0],
			"to": [17, 8, 1],
			"rotation": {"angle": 0, "axis": "y", "origin": [0, -2, -17]},
			"faces": {
				"north": {"uv": [1, 0, 2, 4], "texture": "#5"},
				"east": {"uv": [1, 0, 2, 4], "texture": "#5"},
				"south": {"uv": [1, 0, 2, 4], "texture": "#5"},
				"west": {"uv": [2, 0, 3, 4], "texture": "#5"},
				"up": {"uv": [3, 1, 4, 2], "texture": "#5"},
				"down": {"uv": [1, 1, 2, 2], "texture": "#5"}
			}
		},
		{
			"name": "radiaator",
			"from": [16, 4, -2],
			"to": [17, 8, -1],
			"rotation": {"angle": 0, "axis": "y", "origin": [0, -2, -17]},
			"faces": {
				"north": {"uv": [1, 0, 2, 4], "texture": "#5"},
				"east": {"uv": [1, 0, 2, 4], "texture": "#5"},
				"south": {"uv": [1, 0, 2, 4], "texture": "#5"},
				"west": {"uv": [2, 0, 3, 4], "texture": "#5"},
				"up": {"uv": [3, 1, 4, 2], "texture": "#5"},
				"down": {"uv": [1, 1, 2, 2], "texture": "#5"}
			}
		},
		{
			"name": "radiaator",
			"from": [15, 8, -2],
			"to": [16, 9, -1],
			"rotation": {"angle": 0, "axis": "y", "origin": [0, -2, -17]},
			"faces": {
				"north": {"uv": [1, 0, 2, 1], "texture": "#5"},
				"east": {"uv": [1, 0, 2, 1], "texture": "#5"},
				"south": {"uv": [1, 0, 2, 1], "texture": "#5"},
				"west": {"uv": [2, 0, 3, 1], "texture": "#5"},
				"up": {"uv": [3, 1, 4, 2], "texture": "#5"},
				"down": {"uv": [1, 1, 2, 2], "texture": "#5"}
			}
		},
		{
			"name": "radiaator_yellow",
			"from": [15, 7, -3],
			"to": [16, 8, 4],
			"rotation": {"angle": 0, "axis": "y", "origin": [0, -2, -17]},
			"faces": {
				"north": {"uv": [0, 0, 1, 1], "texture": "#8"},
				"east": {"uv": [0, 0, 7, 1], "texture": "#8"},
				"south": {"uv": [0, 0, 1, 1], "texture": "#8"},
				"west": {"uv": [0, 0, 7, 1], "texture": "#8"},
				"up": {"uv": [0, 0, 1, 7], "texture": "#8"},
				"down": {"uv": [0, 0, 1, 7], "texture": "#8"}
			}
		},
		{
			"name": "radiaator_yellow",
			"from": [1, 7, -3],
			"to": [2, 8, 4],
			"rotation": {"angle": 0, "axis": "y", "origin": [0, -2, -17]},
			"faces": {
				"north": {"uv": [0, 0, 1, 1], "texture": "#8"},
				"east": {"uv": [0, 0, 7, 1], "texture": "#8"},
				"south": {"uv": [0, 0, 1, 1], "texture": "#8"},
				"west": {"uv": [0, 0, 7, 1], "texture": "#8"},
				"up": {"uv": [0, 0, 1, 7], "texture": "#8"},
				"down": {"uv": [0, 0, 1, 7], "texture": "#8"}
			}
		},
		{
			"name": "energetic_block",
			"from": [1, 4, 5],
			"to": [2, 8, 7],
			"rotation": {"angle": 0, "axis": "y", "origin": [0, -2, -17]},
			"faces": {
				"north": {"uv": [0, 0, 1, 4], "texture": "#6"},
				"east": {"uv": [0, 0, 2, 4], "texture": "#6"},
				"south": {"uv": [0, 0, 1, 4], "texture": "#6"},
				"west": {"uv": [0, 0, 2, 4], "texture": "#6"},
				"up": {"uv": [0, 0, 1, 2], "texture": "#6"},
				"down": {"uv": [0, 0, 1, 2], "texture": "#6"}
			}
		},
		{
			"name": "energetic_block",
			"from": [15, 4, 5],
			"to": [16, 9, 18],
			"rotation": {"angle": 0, "axis": "y", "origin": [0, -2, -17]},
			"faces": {
				"north": {"uv": [0, 0, 1, 5], "texture": "#6"},
				"east": {"uv": [0, 0, 13, 5], "texture": "#6"},
				"south": {"uv": [0, 0, 1, 5], "texture": "#6"},
				"west": {"uv": [0, 0, 13, 5], "texture": "#6"},
				"up": {"uv": [0, 0, 1, 13], "texture": "#6"},
				"down": {"uv": [0, 0, 1, 13], "texture": "#6"}
			}
		},
		{
			"name": "energetic_block",
			"from": [16, 4, 13],
			"to": [17, 7, 16],
			"rotation": {"angle": 0, "axis": "y", "origin": [0, -2, -17]},
			"faces": {
				"north": {"uv": [0, 0, 1, 3], "texture": "#6"},
				"east": {"uv": [0, 0, 3, 3], "texture": "#6"},
				"south": {"uv": [0, 0, 1, 3], "texture": "#6"},
				"west": {"uv": [0, 0, 3, 3], "texture": "#6"},
				"up": {"uv": [0, 0, 1, 3], "texture": "#6"},
				"down": {"uv": [0, 0, 1, 3], "texture": "#6"}
			}
		},
		{
			"name": "gray_knob",
			"from": [1, 4, 13],
			"to": [2, 6, 15],
			"rotation": {"angle": 0, "axis": "y", "origin": [0, -2, -17]},
			"faces": {
				"north": {"uv": [0, 0, 1, 2], "texture": "#0"},
				"east": {"uv": [0, 0, 2, 2], "texture": "#0"},
				"south": {"uv": [0, 0, 1, 2], "texture": "#0"},
				"west": {"uv": [0, 0, 2, 2], "texture": "#0"},
				"up": {"uv": [0, 0, 1, 2], "texture": "#0"},
				"down": {"uv": [0, 0, 1, 2], "texture": "#0"}
			}
		},
		{
			"name": "setting_panel",
			"from": [1, 6, 7],
			"to": [2, 10, 14],
			"rotation": {"angle": 0, "axis": "y", "origin": [0, -2, -17]},
			"faces": {
				"north": {"uv": [0, 0, 1, 4], "texture": "#0"},
				"east": {"uv": [0, 0, 7, 4], "texture": "#0"},
				"south": {"uv": [0, 0, 1, 4], "texture": "#0"},
				"west": {"uv": [0, 0, 7, 4], "texture": "#0"},
				"up": {"uv": [0, 0, 1, 7], "texture": "#0"},
				"down": {"uv": [0, 0, 1, 7], "texture": "#0"}
			}
		},
		{
			"name": "orange_btn",
			"from": [0, 7, 8],
			"to": [1, 9, 10],
			"rotation": {"angle": 0, "axis": "y", "origin": [0, -2, -17]},
			"faces": {
				"north": {"uv": [0, 0, 1, 2], "texture": "#9"},
				"east": {"uv": [0, 0, 2, 2], "texture": "#9"},
				"south": {"uv": [0, 0, 1, 2], "texture": "#9"},
				"west": {"uv": [0, 0, 2, 2], "texture": "#9"},
				"up": {"uv": [0, 0, 1, 2], "texture": "#9"},
				"down": {"uv": [0, 0, 1, 2], "texture": "#9"}
			}
		},
		{
			"name": "gray_btn",
			"from": [0, 6, 8],
			"to": [1, 7, 11],
			"rotation": {"angle": 0, "axis": "y", "origin": [0, -2, -17]},
			"faces": {
				"north": {"uv": [0, 0, 1, 1], "texture": "#6"},
				"east": {"uv": [0, 0, 3, 1], "texture": "#6"},
				"south": {"uv": [0, 0, 1, 1], "texture": "#6"},
				"west": {"uv": [0, 0, 3, 1], "texture": "#6"},
				"up": {"uv": [0, 0, 1, 3], "texture": "#6"},
				"down": {"uv": [0, 0, 1, 3], "texture": "#6"}
			}
		},
		{
			"name": "purple_btn",
			"from": [0, 8, 11],
			"to": [1, 9, 12],
			"rotation": {"angle": 0, "axis": "y", "origin": [0, -2, -17]},
			"faces": {
				"north": {"uv": [0, 0, 1, 1], "texture": "#10"},
				"east": {"uv": [0, 0, 1, 1], "texture": "#10"},
				"south": {"uv": [0, 0, 1, 1], "texture": "#10"},
				"west": {"uv": [0, 0, 1, 1], "texture": "#10"},
				"up": {"uv": [0, 0, 1, 1], "texture": "#10"},
				"down": {"uv": [0, 0, 1, 1], "texture": "#10"}
			}
		},
		{
			"name": "purple_btn",
			"from": [0, 8, 13],
			"to": [1, 9, 14],
			"rotation": {"angle": 0, "axis": "y", "origin": [0, -2, -17]},
			"faces": {
				"north": {"uv": [0, 0, 1, 1], "texture": "#10"},
				"east": {"uv": [0, 0, 1, 1], "texture": "#10"},
				"south": {"uv": [0, 0, 1, 1], "texture": "#10"},
				"west": {"uv": [0, 0, 1, 1], "texture": "#10"},
				"up": {"uv": [0, 0, 1, 1], "texture": "#10"},
				"down": {"uv": [0, 0, 1, 1], "texture": "#10"}
			}
		},
		{
			"name": "orange_btn",
			"from": [0, 7, 11],
			"to": [1, 8, 12],
			"rotation": {"angle": 0, "axis": "y", "origin": [0, -2, -17]},
			"faces": {
				"north": {"uv": [0, 0, 1, 1], "texture": "#9"},
				"east": {"uv": [0, 0, 1, 1], "texture": "#9"},
				"south": {"uv": [0, 0, 1, 1], "texture": "#9"},
				"west": {"uv": [0, 0, 1, 1], "texture": "#9"},
				"up": {"uv": [0, 0, 1, 1], "texture": "#9"},
				"down": {"uv": [0, 0, 1, 1], "texture": "#9"}
			}
		},
		{
			"name": "red_panel",
			"from": [1, 7, 14],
			"to": [2, 9, 17],
			"rotation": {"angle": 0, "axis": "y", "origin": [0, -2, -17]},
			"faces": {
				"north": {"uv": [0, 0, 1, 2], "texture": "#4"},
				"east": {"uv": [0, 0, 3, 2], "texture": "#4"},
				"south": {"uv": [0, 0, 1, 2], "texture": "#4"},
				"west": {"uv": [0, 0, 3, 2], "texture": "#4"},
				"up": {"uv": [0, 0, 1, 3], "texture": "#4"},
				"down": {"uv": [0, 0, 1, 3], "texture": "#4"}
			}
		},
		{
			"name": "red_panel",
			"from": [16, 6, 9],
			"to": [17, 8, 12],
			"rotation": {"angle": 0, "axis": "y", "origin": [0, -2, -17]},
			"faces": {
				"north": {"uv": [0, 0, 1, 2], "texture": "#4"},
				"east": {"uv": [0, 0, 3, 2], "texture": "#4"},
				"south": {"uv": [0, 0, 1, 2], "texture": "#4"},
				"west": {"uv": [0, 0, 3, 2], "texture": "#4"},
				"up": {"uv": [0, 0, 1, 3], "texture": "#4"},
				"down": {"uv": [0, 0, 1, 3], "texture": "#4"}
			}
		},
		{
			"name": "handle",
			"from": [7, 1, -15],
			"to": [10, 2, -7],
			"rotation": {"angle": 0, "axis": "y", "origin": [0, -2, -17]},
			"faces": {
				"north": {"uv": [0, 0, 3, 1], "texture": "#0"},
				"east": {"uv": [0, 0, 8, 1], "texture": "#0"},
				"south": {"uv": [0, 0, 3, 1], "texture": "#0"},
				"west": {"uv": [0, 0, 8, 1], "texture": "#0"},
				"up": {"uv": [0, 0, 3, 8], "texture": "#0"},
				"down": {"uv": [0, 0, 3, 8], "texture": "#0"}
			}
		},
		{
			"name": "handle",
			"from": [8, 1, -16],
			"to": [9, 2, -15],
			"rotation": {"angle": 0, "axis": "y", "origin": [0, -2, -17]},
			"faces": {
				"north": {"uv": [0, 0, 1, 1], "texture": "#0"},
				"east": {"uv": [0, 0, 1, 1], "texture": "#0"},
				"south": {"uv": [0, 0, 1, 1], "texture": "#0"},
				"west": {"uv": [0, 0, 1, 1], "texture": "#0"},
				"up": {"uv": [0, 0, 1, 1], "texture": "#0"},
				"down": {"uv": [0, 0, 1, 1], "texture": "#0"}
			}
		},
		{
			"name": "handle",
			"from": [7, 1, -1],
			"to": [10, 2, 1],
			"rotation": {"angle": 0, "axis": "y", "origin": [0, -2, -17]},
			"faces": {
				"north": {"uv": [0, 0, 3, 1], "texture": "#0"},
				"east": {"uv": [0, 0, 2, 1], "texture": "#0"},
				"south": {"uv": [0, 0, 3, 1], "texture": "#0"},
				"west": {"uv": [0, 0, 2, 1], "texture": "#0"},
				"up": {"uv": [0, 0, 3, 2], "texture": "#0"},
				"down": {"uv": [0, 0, 3, 2], "texture": "#0"}
			}
		},
		{
			"name": "handle",
			"from": [7, -1, -6],
			"to": [10, 0, -3],
			"rotation": {"angle": 0, "axis": "y", "origin": [0, -2, -17]},
			"faces": {
				"north": {"uv": [0, 0, 3, 1], "texture": "#0"},
				"east": {"uv": [0, 0, 3, 1], "texture": "#0"},
				"south": {"uv": [0, 0, 3, 1], "texture": "#0"},
				"west": {"uv": [0, 0, 3, 1], "texture": "#0"},
				"up": {"uv": [0, 0, 3, 3], "texture": "#0"},
				"down": {"uv": [0, 0, 3, 3], "texture": "#0"}
			}
		},
		{
			"name": "handle",
			"from": [7, 7, -13],
			"to": [10, 8, -10],
			"rotation": {"angle": 45, "axis": "x", "origin": [0, -2, -17]},
			"faces": {
				"north": {"uv": [0, 0, 3, 1], "texture": "#0"},
				"east": {"uv": [0, 0, 3, 1], "texture": "#0"},
				"south": {"uv": [0, 0, 3, 1], "texture": "#0"},
				"west": {"uv": [0, 0, 3, 1], "texture": "#0"},
				"up": {"uv": [0, 0, 3, 3], "texture": "#0"},
				"down": {"uv": [0, 0, 3, 3], "texture": "#0"}
			}
		},
		{
			"name": "handle",
			"from": [7, 9, -9],
			"to": [10, 12, -8],
			"rotation": {"angle": 45, "axis": "x", "origin": [0, -2, -17]},
			"faces": {
				"north": {"uv": [0, 0, 3, 3], "rotation": 180, "texture": "#0"},
				"east": {"uv": [0, 0, 3, 1], "rotation": 270, "texture": "#0"},
				"south": {"uv": [0, 0, 3, 3], "texture": "#0"},
				"west": {"uv": [0, 0, 3, 1], "rotation": 90, "texture": "#0"},
				"up": {"uv": [0, 0, 3, 1], "rotation": 180, "texture": "#0"},
				"down": {"uv": [0, 0, 3, 1], "texture": "#0"}
			}
		},
		{
			"name": "handle",
			"from": [3, 2, -4],
			"to": [14, 4, 2],
			"rotation": {"angle": 0, "axis": "y", "origin": [0, -2, -17]},
			"faces": {
				"north": {"uv": [0, 0, 11, 2], "texture": "#0"},
				"east": {"uv": [0, 0, 6, 2], "texture": "#0"},
				"south": {"uv": [0, 0, 11, 2], "texture": "#0"},
				"west": {"uv": [0, 0, 6, 2], "texture": "#0"},
				"up": {"uv": [0, 0, 11, 6], "texture": "#0"},
				"down": {"uv": [0, 0, 11, 6], "texture": "#0"}
			}
		},
		{
			"name": "magazine",
			"from": [5, 2, 2],
			"to": [12, 4, 12],
			"rotation": {"angle": 0, "axis": "y", "origin": [0, -2, -17]},
			"faces": {
				"north": {"uv": [0, 0, 7, 2], "texture": "#0"},
				"east": {"uv": [0, 0, 10, 2], "texture": "#0"},
				"south": {"uv": [0, 0, 7, 2], "texture": "#0"},
				"west": {"uv": [0, 0, 10, 2], "texture": "#0"},
				"up": {"uv": [0, 0, 7, 10], "texture": "#0"},
				"down": {"uv": [0, 0, 7, 10], "texture": "#0"}
			}
		},
		{
			"name": "magazine",
			"from": [7, 1, 3],
			"to": [10, 2, 7],
			"rotation": {"angle": 0, "axis": "y", "origin": [0, -2, -17]},
			"faces": {
				"north": {"uv": [0, 0, 3, 1], "texture": "#0"},
				"east": {"uv": [0, 0, 4, 1], "texture": "#0"},
				"south": {"uv": [0, 0, 3, 1], "texture": "#0"},
				"west": {"uv": [0, 0, 4, 1], "texture": "#0"},
				"up": {"uv": [0, 0, 3, 4], "texture": "#0"},
				"down": {"uv": [0, 0, 3, 4], "texture": "#0"}
			}
		},
		{
			"name": "magazine",
			"from": [7, -1, 6],
			"to": [10, 1, 7],
			"rotation": {"angle": 0, "axis": "y", "origin": [0, -2, -17]},
			"faces": {
				"north": {"uv": [0, 0, 3, 2], "texture": "#0"},
				"east": {"uv": [0, 0, 1, 2], "texture": "#0"},
				"south": {"uv": [0, 0, 3, 2], "texture": "#0"},
				"west": {"uv": [0, 0, 1, 2], "texture": "#0"},
				"up": {"uv": [0, 0, 3, 1], "texture": "#0"},
				"down": {"uv": [0, 0, 3, 1], "texture": "#0"}
			}
		},
		{
			"name": "magazine",
			"from": [7, -2, 3],
			"to": [10, -1, 6],
			"rotation": {"angle": 0, "axis": "y", "origin": [0, -2, -17]},
			"faces": {
				"north": {"uv": [0, 0, 3, 1], "texture": "#0"},
				"east": {"uv": [0, 0, 3, 1], "texture": "#0"},
				"south": {"uv": [0, 0, 3, 1], "texture": "#0"},
				"west": {"uv": [0, 0, 3, 1], "texture": "#0"},
				"up": {"uv": [0, 0, 3, 3], "texture": "#0"},
				"down": {"uv": [0, 0, 3, 3], "texture": "#0"}
			}
		},
		{
			"name": "magazine",
			"from": [7, -2, 2],
			"to": [10, 2, 3],
			"rotation": {"angle": 0, "axis": "y", "origin": [0, -2, -17]},
			"faces": {
				"north": {"uv": [0, 0, 3, 4], "texture": "#0"},
				"east": {"uv": [0, 0, 1, 4], "texture": "#0"},
				"south": {"uv": [0, 0, 3, 4], "texture": "#0"},
				"west": {"uv": [0, 0, 1, 4], "texture": "#0"},
				"up": {"uv": [0, 0, 3, 1], "texture": "#0"},
				"down": {"uv": [0, 0, 3, 1], "texture": "#0"}
			}
		},
		{
			"name": "green_ammo",
			"from": [8, -1, 3],
			"to": [9, 1, 6],
			"rotation": {"angle": 0, "axis": "y", "origin": [0, -2, -17]},
			"faces": {
				"north": {"uv": [0, 0, 1, 2], "texture": "#3"},
				"east": {"uv": [0, 0, 3, 2], "texture": "#3"},
				"south": {"uv": [0, 0, 1, 2], "texture": "#3"},
				"west": {"uv": [0, 14, 3, 16], "texture": "#3"},
				"up": {"uv": [0, 0, 1, 3], "texture": "#3"},
				"down": {"uv": [0, 0, 1, 3], "texture": "#3"}
			}
		},
		{
			"name": "magazine",
			"from": [7, 2, 15],
			"to": [10, 5, 18],
			"rotation": {"angle": 0, "axis": "y", "origin": [0, -2, -17]},
			"faces": {
				"north": {"uv": [0, 0, 3, 3], "texture": "#0"},
				"east": {"uv": [0, 0, 3, 3], "texture": "#0"},
				"south": {"uv": [0, 0, 3, 3], "texture": "#0"},
				"west": {"uv": [0, 0, 3, 3], "texture": "#0"},
				"up": {"uv": [0, 0, 3, 3], "texture": "#0"},
				"down": {"uv": [0, 0, 3, 3], "texture": "#0"}
			}
		},
		{
			"name": "magazine",
			"from": [7, 2, 23],
			"to": [10, 5, 26],
			"rotation": {"angle": 0, "axis": "y", "origin": [0, -2, -17]},
			"faces": {
				"north": {"uv": [0, 0, 3, 3], "texture": "#0"},
				"east": {"uv": [0, 0, 3, 3], "texture": "#0"},
				"south": {"uv": [0, 0, 3, 3], "texture": "#0"},
				"west": {"uv": [0, 0, 3, 3], "texture": "#0"},
				"up": {"uv": [0, 0, 3, 3], "texture": "#0"},
				"down": {"uv": [0, 0, 3, 3], "texture": "#0"}
			}
		},
		{
			"name": "magazine",
			"from": [7, 2, 21],
			"to": [10, 3, 22],
			"rotation": {"angle": 0, "axis": "y", "origin": [0, -2, -17]},
			"faces": {
				"north": {"uv": [0, 0, 3, 1], "texture": "#0"},
				"east": {"uv": [0, 0, 1, 1], "texture": "#0"},
				"south": {"uv": [0, 0, 3, 1], "texture": "#0"},
				"west": {"uv": [0, 0, 1, 1], "texture": "#0"},
				"up": {"uv": [0, 0, 3, 1], "texture": "#0"},
				"down": {"uv": [0, 0, 3, 1], "texture": "#0"}
			}
		},
		{
			"name": "magazine",
			"from": [7, 2, 19],
			"to": [10, 3, 20],
			"rotation": {"angle": 0, "axis": "y", "origin": [0, -2, -17]},
			"faces": {
				"north": {"uv": [0, 0, 3, 1], "texture": "#0"},
				"east": {"uv": [0, 0, 1, 1], "texture": "#0"},
				"south": {"uv": [0, 0, 3, 1], "texture": "#0"},
				"west": {"uv": [0, 0, 1, 1], "texture": "#0"},
				"up": {"uv": [0, 0, 3, 1], "texture": "#0"},
				"down": {"uv": [0, 0, 3, 1], "texture": "#0"}
			}
		},
		{
			"name": "magazine",
			"from": [7, 3, 18],
			"to": [10, 5, 23],
			"rotation": {"angle": 0, "axis": "y", "origin": [0, -2, -17]},
			"faces": {
				"north": {"uv": [0, 0, 3, 2], "texture": "#0"},
				"east": {"uv": [0, 0, 5, 2], "texture": "#0"},
				"south": {"uv": [0, 0, 3, 2], "texture": "#0"},
				"west": {"uv": [0, 0, 5, 2], "texture": "#0"},
				"up": {"uv": [0, 0, 3, 5], "texture": "#0"},
				"down": {"uv": [0, 0, 3, 5], "texture": "#0"}
			}
		},
		{
			"name": "magazine",
			"from": [8, 3, 26],
			"to": [9, 4, 28],
			"rotation": {"angle": 0, "axis": "y", "origin": [0, -2, -17]},
			"faces": {
				"north": {"uv": [0, 0, 1, 1], "texture": "#0"},
				"east": {"uv": [0, 0, 2, 1], "texture": "#0"},
				"south": {"uv": [0, 0, 1, 1], "texture": "#0"},
				"west": {"uv": [0, 0, 2, 1], "texture": "#0"},
				"up": {"uv": [0, 0, 1, 2], "texture": "#0"},
				"down": {"uv": [0, 0, 1, 2], "texture": "#0"}
			}
		},
		{
			"name": "magazine",
			"from": [8, 2, 26],
			"to": [9, 3, 27],
			"rotation": {"angle": 0, "axis": "y", "origin": [0, -2, -17]},
			"faces": {
				"north": {"uv": [0, 0, 1, 1], "texture": "#0"},
				"east": {"uv": [0, 0, 1, 1], "texture": "#0"},
				"south": {"uv": [0, 0, 1, 1], "texture": "#0"},
				"west": {"uv": [0, 0, 1, 1], "texture": "#0"},
				"up": {"uv": [0, 0, 1, 1], "texture": "#0"},
				"down": {"uv": [0, 0, 1, 1], "texture": "#0"}
			}
		},
		{
			"name": "magazine",
			"from": [7, 4, 26],
			"to": [10, 5, 28],
			"rotation": {"angle": 0, "axis": "y", "origin": [0, -2, -17]},
			"faces": {
				"north": {"uv": [0, 0, 3, 1], "texture": "#0"},
				"east": {"uv": [0, 0, 2, 1], "texture": "#0"},
				"south": {"uv": [0, 0, 3, 1], "texture": "#0"},
				"west": {"uv": [0, 0, 2, 1], "texture": "#0"},
				"up": {"uv": [0, 0, 3, 2], "texture": "#0"},
				"down": {"uv": [0, 0, 3, 2], "texture": "#0"}
			}
		},
		{
			"name": "green_mag",
			"from": [8, 2, 20],
			"to": [9, 3, 21],
			"faces": {
				"north": {"uv": [0, 0, 1, 1], "texture": "#3"},
				"east": {"uv": [0, 0, 1, 1], "texture": "#3"},
				"south": {"uv": [0, 0, 1, 1], "texture": "#3"},
				"west": {"uv": [0, 0, 1, 1], "texture": "#3"},
				"up": {"uv": [0, 0, 1, 1], "texture": "#3"},
				"down": {"uv": [0, 0, 1, 1], "texture": "#3"}
			}
		},
		{
			"name": "green_mag",
			"from": [8, 2, 18],
			"to": [9, 3, 19],
			"faces": {
				"north": {"uv": [0, 0, 1, 1], "texture": "#3"},
				"east": {"uv": [0, 0, 1, 1], "texture": "#3"},
				"south": {"uv": [0, 0, 1, 1], "texture": "#3"},
				"west": {"uv": [0, 0, 1, 1], "texture": "#3"},
				"up": {"uv": [0, 0, 1, 1], "texture": "#3"},
				"down": {"uv": [0, 0, 1, 1], "texture": "#3"}
			}
		},
		{
			"name": "green_mag",
			"from": [9, 2, 22],
			"to": [10, 3, 23],
			"faces": {
				"north": {"uv": [0, 0, 1, 1], "texture": "#3"},
				"east": {"uv": [0, 0, 1, 1], "texture": "#3"},
				"south": {"uv": [0, 0, 1, 1], "texture": "#3"},
				"west": {"uv": [0, 0, 1, 1], "texture": "#3"},
				"up": {"uv": [0, 0, 1, 1], "texture": "#3"},
				"down": {"uv": [0, 0, 1, 1], "texture": "#3"}
			}
		},
		{
			"name": "rod",
			"from": [8, -11, 12],
			"to": [9, -1, 14],
			"rotation": {"angle": -22.5, "axis": "x", "origin": [0, 0, 0]},
			"faces": {
				"north": {"uv": [1, 0, 2, 10], "texture": "#5"},
				"east": {"uv": [1, 0, 3, 10], "texture": "#5"},
				"south": {"uv": [2, 0, 3, 10], "texture": "#5"},
				"west": {"uv": [1, 0, 3, 10], "texture": "#5"},
				"up": {"uv": [1, 0, 2, 2], "texture": "#5"},
				"down": {"uv": [1, 0, 2, 2], "texture": "#5"}
			}
		},
		{
			"name": "rod",
			"from": [8, -6, 14],
			"to": [9, -5, 17],
			"faces": {
				"north": {"uv": [1, 0, 2, 1], "texture": "#5"},
				"east": {"uv": [1, 0, 4, 1], "texture": "#5"},
				"south": {"uv": [2, 0, 3, 1], "texture": "#5"},
				"west": {"uv": [1, 0, 4, 1], "texture": "#5"},
				"up": {"uv": [1, 0, 2, 3], "texture": "#5"},
				"down": {"uv": [1, 0, 2, 3], "texture": "#5"}
			}
		},
		{
			"name": "trig",
			"from": [8, -1, 10],
			"to": [9, 0, 13],
			"faces": {
				"north": {"uv": [0, 0, 1, 1], "texture": "#0"},
				"east": {"uv": [0, 0, 3, 1], "texture": "#0"},
				"south": {"uv": [0, 0, 1, 1], "texture": "#0"},
				"west": {"uv": [0, 0, 3, 1], "texture": "#0"},
				"up": {"uv": [0, 0, 1, 3], "texture": "#0"},
				"down": {"uv": [0, 0, 1, 3], "texture": "#0"}
			}
		},
		{
			"name": "trig",
			"from": [8, 0, 9],
			"to": [9, 2, 10],
			"faces": {
				"north": {"uv": [0, 0, 1, 2], "texture": "#0"},
				"east": {"uv": [0, 0, 1, 2], "texture": "#0"},
				"south": {"uv": [0, 0, 1, 2], "texture": "#0"},
				"west": {"uv": [0, 0, 1, 2], "texture": "#0"},
				"up": {"uv": [0, 0, 1, 1], "texture": "#0"},
				"down": {"uv": [0, 0, 1, 1], "texture": "#0"}
			}
		},
		{
			"name": "trig",
			"from": [8, 8, 7],
			"to": [9, 10, 8],
			"rotation": {"angle": 45, "axis": "x", "origin": [0, 0, 0]},
			"faces": {
				"north": {"uv": [0, 0, 1, 2], "texture": "#0"},
				"east": {"uv": [0, 0, 1, 2], "texture": "#0"},
				"south": {"uv": [0, 0, 1, 2], "texture": "#0"},
				"west": {"uv": [0, 0, 1, 2], "texture": "#0"},
				"up": {"uv": [0, 0, 1, 1], "texture": "#0"},
				"down": {"uv": [0, 0, 1, 1], "texture": "#0"}
			}
		},
		{
			"from": [6, 6, 18],
			"to": [11, 8, 30],
			"rotation": {"angle": 0, "axis": "y", "origin": [0, -2, 0]},
			"faces": {
				"north": {"uv": [1, 0, 6, 2], "texture": "#6"},
				"east": {"uv": [1, 0, 13, 2], "texture": "#6"},
				"south": {"uv": [1, 0, 6, 2], "texture": "#6"},
				"west": {"uv": [1, 0, 13, 2], "texture": "#6"},
				"up": {"uv": [1, 0, 6, 12], "texture": "#6"},
				"down": {"uv": [2, 0, 7, 12], "texture": "#6"}
			}
		},
		{
			"from": [7, 5, 18],
			"to": [10, 6, 30],
			"rotation": {"angle": 0, "axis": "y", "origin": [0, -2, 0]},
			"faces": {
				"north": {"uv": [1, 0, 4, 1], "texture": "#6"},
				"east": {"uv": [1, 0, 13, 1], "texture": "#6"},
				"south": {"uv": [1, 0, 4, 1], "texture": "#6"},
				"west": {"uv": [1, 0, 13, 1], "texture": "#6"},
				"up": {"uv": [1, 0, 4, 12], "texture": "#6"},
				"down": {"uv": [2, 0, 5, 12], "texture": "#6"}
			}
		},
		{
			"from": [7, 8, 18],
			"to": [10, 9, 30],
			"rotation": {"angle": 0, "axis": "y", "origin": [0, -2, 0]},
			"faces": {
				"north": {"uv": [1, 0, 4, 1], "texture": "#6"},
				"east": {"uv": [1, 0, 13, 1], "texture": "#6"},
				"south": {"uv": [1, 0, 4, 1], "texture": "#6"},
				"west": {"uv": [1, 0, 13, 1], "texture": "#6"},
				"up": {"uv": [1, 0, 4, 12], "texture": "#6"},
				"down": {"uv": [2, 0, 5, 12], "texture": "#6"}
			}
		},
		{
			"from": [9, 5, 19],
			"to": [10, 7, 31],
			"rotation": {"angle": 45, "axis": "x", "origin": [0, 8, 33]},
			"faces": {
				"north": {"uv": [1, 0, 2, 2], "texture": "#6"},
				"east": {"uv": [1, 0, 13, 2], "texture": "#6"},
				"south": {"uv": [1, 0, 2, 2], "texture": "#6"},
				"west": {"uv": [1, 0, 13, 2], "texture": "#6"},
				"up": {"uv": [1, 0, 2, 12], "texture": "#6"},
				"down": {"uv": [2, 0, 3, 12], "texture": "#6"}
			}
		},
		{
			"from": [9, 12.22183, 28.77817],
			"to": [10, 14.22183, 31.77817],
			"rotation": {"angle": -45, "axis": "x", "origin": [0, 8, 22]},
			"faces": {
				"north": {"uv": [1, 0, 2, 2], "texture": "#6"},
				"east": {"uv": [1, 0, 4, 2], "texture": "#6"},
				"south": {"uv": [1, 0, 2, 2], "texture": "#6"},
				"west": {"uv": [1, 0, 4, 2], "texture": "#6"},
				"up": {"uv": [1, 0, 2, 3], "texture": "#6"},
				"down": {"uv": [2, 0, 3, 3], "texture": "#6"}
			}
		},
		{
			"from": [7, 5, 19],
			"to": [8, 7, 31],
			"rotation": {"angle": 45, "axis": "x", "origin": [-2, 8, 33]},
			"faces": {
				"north": {"uv": [1, 0, 2, 2], "texture": "#6"},
				"east": {"uv": [1, 0, 13, 2], "texture": "#6"},
				"south": {"uv": [1, 0, 2, 2], "texture": "#6"},
				"west": {"uv": [1, 0, 13, 2], "texture": "#6"},
				"up": {"uv": [1, 0, 2, 12], "texture": "#6"},
				"down": {"uv": [2, 0, 3, 12], "texture": "#6"}
			}
		},
		{
			"from": [7, 12.22183, 28.77817],
			"to": [8, 14.22183, 31.77817],
			"rotation": {"angle": -45, "axis": "x", "origin": [-2, 8, 22]},
			"faces": {
				"north": {"uv": [1, 0, 2, 2], "texture": "#6"},
				"east": {"uv": [1, 0, 4, 2], "texture": "#6"},
				"south": {"uv": [1, 0, 2, 2], "texture": "#6"},
				"west": {"uv": [1, 0, 4, 2], "texture": "#6"},
				"up": {"uv": [1, 0, 2, 3], "texture": "#6"},
				"down": {"uv": [2, 0, 3, 3], "texture": "#6"}
			}
		},
		{
			"name": "black_grip",
			"from": [8, 4, 30],
			"to": [9, 9, 31],
			"rotation": {"angle": 0, "axis": "y", "origin": [0, -2, 0]},
			"faces": {
				"north": {"uv": [0, 0, 1, 5], "texture": "#0"},
				"east": {"uv": [0, 0, 1, 5], "texture": "#0"},
				"south": {"uv": [0, 0, 1, 5], "texture": "#0"},
				"west": {"uv": [0, 0, 1, 5], "texture": "#0"},
				"up": {"uv": [0, 0, 1, 1], "texture": "#0"},
				"down": {"uv": [0, 0, 1, 1], "texture": "#0"}
			}
		},
		{
			"name": "black_grip",
			"from": [8, 3, 31],
			"to": [9, 4, 32],
			"rotation": {"angle": 0, "axis": "y", "origin": [0, -2, 0]},
			"faces": {
				"north": {"uv": [0, 0, 1, 1], "texture": "#0"},
				"east": {"uv": [0, 0, 1, 1], "texture": "#0"},
				"south": {"uv": [0, 0, 1, 1], "texture": "#0"},
				"west": {"uv": [0, 0, 1, 1], "texture": "#0"},
				"up": {"uv": [0, 0, 1, 1], "texture": "#0"},
				"down": {"uv": [0, 0, 1, 1], "texture": "#0"}
			}
		},
		{
			"name": "black_grip",
			"from": [8, 9, 31],
			"to": [9, 10, 32],
			"rotation": {"angle": 0, "axis": "y", "origin": [0, -2, 0]},
			"faces": {
				"north": {"uv": [0, 0, 1, 1], "texture": "#0"},
				"east": {"uv": [0, 0, 1, 1], "texture": "#0"},
				"south": {"uv": [0, 0, 1, 1], "texture": "#0"},
				"west": {"uv": [0, 0, 1, 1], "texture": "#0"},
				"up": {"uv": [0, 0, 1, 1], "texture": "#0"},
				"down": {"uv": [0, 0, 1, 1], "texture": "#0"}
			}
		},
		{
			"name": "black_grip",
			"from": [7, 18, 20],
			"to": [8, 19, 24],
			"rotation": {"angle": 0, "axis": "y", "origin": [0, -2, 0]},
			"faces": {
				"north": {"uv": [0, 0, 1, 1], "texture": "#0"},
				"east": {"uv": [0, 0, 4, 1], "texture": "#0"},
				"south": {"uv": [0, 0, 1, 1], "texture": "#0"},
				"west": {"uv": [0, 0, 4, 1], "texture": "#0"},
				"up": {"uv": [0, 0, 1, 4], "texture": "#0"},
				"down": {"uv": [0, 0, 1, 4], "texture": "#0"}
			}
		},
		{
			"name": "black_grip",
			"from": [7, 19, 19],
			"to": [8, 21, 20],
			"rotation": {"angle": 0, "axis": "y", "origin": [0, -2, 0]},
			"faces": {
				"north": {"uv": [0, 0, 1, 2], "texture": "#0"},
				"east": {"uv": [0, 0, 1, 2], "texture": "#0"},
				"south": {"uv": [0, 0, 1, 2], "texture": "#0"},
				"west": {"uv": [0, 0, 1, 2], "texture": "#0"},
				"up": {"uv": [0, 0, 1, 1], "texture": "#0"},
				"down": {"uv": [0, 0, 1, 1], "texture": "#0"}
			}
		},
		{
			"name": "black_grip",
			"from": [9, 19, 19],
			"to": [10, 21, 20],
			"rotation": {"angle": 0, "axis": "y", "origin": [0, -2, 0]},
			"faces": {
				"north": {"uv": [0, 0, 1, 2], "texture": "#0"},
				"east": {"uv": [0, 0, 1, 2], "texture": "#0"},
				"south": {"uv": [0, 0, 1, 2], "texture": "#0"},
				"west": {"uv": [0, 0, 1, 2], "texture": "#0"},
				"up": {"uv": [0, 0, 1, 1], "texture": "#0"},
				"down": {"uv": [0, 0, 1, 1], "texture": "#0"}
			}
		},
		{
			"name": "black_grip",
			"from": [9, 18, 20],
			"to": [10, 19, 24],
			"rotation": {"angle": 0, "axis": "y", "origin": [0, -2, 0]},
			"faces": {
				"north": {"uv": [0, 0, 1, 1], "texture": "#0"},
				"east": {"uv": [0, 0, 4, 1], "texture": "#0"},
				"south": {"uv": [0, 0, 1, 1], "texture": "#0"},
				"west": {"uv": [0, 0, 4, 1], "texture": "#0"},
				"up": {"uv": [0, 0, 1, 4], "texture": "#0"},
				"down": {"uv": [0, 0, 1, 4], "texture": "#0"}
			}
		}
	],
	"display": {
		"thirdperson_righthand": {
			"scale": [0.5, 0.5, 0.5]
		},
		"thirdperson_lefthand": {
			"scale": [0.5, 0.5, 0.5]
		},
		"firstperson_righthand": {
			"translation": [-9.5, -7.5, -5.75]
		},
		"firstperson_lefthand": {
			"translation": [-8.5, -7.5, -5.75]
		},
		"ground": {
			"translation": [0, 7.75, 0],
			"scale": [0.8, 0.8, 0.8]
		},
		"gui": {
			"rotation": [43, 137, -45],
			"scale": [0.5, 0.5, 0.5]
		},
		"fixed": {
			"rotation": [0, -90, 0],
			"scale": [0.8, 0.8, 0.8]
		}
	},
	"groups": [
		{
			"name": "nozzle",
			"origin": [0, 0, 0],
			"color": 0,
			"children": [0, 1, 2, 3]
		},
		{
			"name": "nozzle_gold",
			"origin": [0, 0, 0],
			"color": 0,
			"children": [4, 5, 6, 7]
		},
		{
			"name": "nozzle_green",
			"origin": [0, 0, 0],
			"color": 0,
			"children": [8, 9, 10, 11, 12, 13, 14, 15, 16, 17, 18, 19, 20, 21, 22, 23]
		},
		{
			"name": "nozzle_dark",
			"origin": [0, 0, 0],
			"color": 0,
			"children": [24, 25, 26, 27, 28, 29, 30, 31, 32, 33, 34, 35, 36, 37, 38, 39, 40, 41, 42, 43, 44, 45]
		},
		{
			"name": "red_nipple",
			"origin": [0, 0, 0],
			"color": 0,
			"children": [46, 47, 48, 49, 50, 51, 52, 53, 54, 55]
		},
		{
			"name": "base_top",
			"origin": [8, 8, 8],
			"color": 0,
			"children": [56, 57, 58, 59, 60, 61, 62, 63, 64, 65, 66, 67, 68, 69, 70, 71, 72, 73, 74, 75, 76, 77, 78, 79, 80]
		},
		{
			"name": "base_center",
			"origin": [8, 8, 8],
			"color": 0,
			"children": [81, 82, 83, 84, 85, 86, 87, 88, 89, 90, 91, 92, 93, 94, 95, 96, 97, 98, 99, 100, 101, 102, 103, 104, 105, 106, 107, 108, 109, 110]
		},
		{
			"name": "handle",
			"origin": [0, 0, 0],
			"color": 0,
			"children": [111, 112, 113, 114, 115, 116, 117]
		},
		{
			"name": "magazine",
			"origin": [8, 8, 8],
			"color": 0,
			"children": [
				118,
				119,
				120,
				121,
				122,
				123,
				{
					"name": "back_mag",
					"origin": [8, 8, 8],
					"color": 0,
					"children": [124, 125, 126, 127, 128, 129, 130, 131, 132, 133, 134]
				}
			]
		},
		{
			"name": "trigger",
			"origin": [8, 8, 8],
			"color": 0,
			"children": [135, 136, 137, 138, 139]
		},
		{
			"name": "grip",
			"origin": [8, 8, 8],
			"color": 0,
			"children": [140, 141, 142, 143, 144, 145, 146, 147, 148, 149, 150, 151, 152, 153]
		}
	]
}