{
	"credit": "Made with Blockbench",
	"textures": {
		"0": "block/emerald_block",
		"1": "block/lime_wool",
		"particle": "block/emerald_block"
	},
	"elements": [
		{
			"from": [13, 2, 7],
			"to": [15, 4, 10],
			"faces": {
				"north": {"uv": [0, 0, 2, 2], "texture": "#1"},
				"east": {"uv": [0, 0, 3, 2], "texture": "#1"},
				"south": {"uv": [0, 0, 2, 2], "texture": "#1"},
				"west": {"uv": [0, 0, 3, 2], "texture": "#1"},
				"up": {"uv": [0, 0, 2, 3], "texture": "#1"},
				"down": {"uv": [0, 0, 2, 3], "texture": "#1"}
			}
		},
		{
			"from": [1, 2, 7],
			"to": [3, 4, 10],
			"faces": {
				"north": {"uv": [0, 0, 2, 2], "texture": "#1"},
				"east": {"uv": [0, 0, 3, 2], "texture": "#1"},
				"south": {"uv": [0, 0, 2, 2], "texture": "#1"},
				"west": {"uv": [0, 0, 3, 2], "texture": "#1"},
				"up": {"uv": [0, 0, 2, 3], "texture": "#1"},
				"down": {"uv": [0, 0, 2, 3], "texture": "#1"}
			}
		},
		{
			"from": [14, 3, 7],
			"to": [16, 5, 10],
			"faces": {
				"north": {"uv": [0, 0, 2, 2], "texture": "#1"},
				"east": {"uv": [0, 0, 3, 2], "texture": "#1"},
				"south": {"uv": [0, 0, 2, 2], "texture": "#1"},
				"west": {"uv": [0, 0, 3, 2], "texture": "#1"},
				"up": {"uv": [0, 0, 2, 3], "texture": "#1"},
				"down": {"uv": [0, 0, 2, 3], "texture": "#1"}
			}
		},
		{
			"from": [0, 3, 7],
			"to": [2, 5, 10],
			"faces": {
				"north": {"uv": [0, 0, 2, 2], "texture": "#1"},
				"east": {"uv": [0, 0, 3, 2], "texture": "#1"},
				"south": {"uv": [0, 0, 2, 2], "texture": "#1"},
				"west": {"uv": [0, 0, 3, 2], "texture": "#1"},
				"up": {"uv": [0, 0, 2, 3], "texture": "#1"},
				"down": {"uv": [0, 0, 2, 3], "texture": "#1"}
			}
		},
		{
			"from": [15, 5, 7],
			"to": [17, 7, 10],
			"faces": {
				"north": {"uv": [0, 0, 2, 2], "texture": "#1"},
				"east": {"uv": [0, 0, 3, 2], "texture": "#1"},
				"south": {"uv": [0, 0, 2, 2], "texture": "#1"},
				"west": {"uv": [0, 0, 3, 2], "texture": "#1"},
				"up": {"uv": [0, 0, 2, 3], "texture": "#1"},
				"down": {"uv": [0, 0, 2, 3], "texture": "#1"}
			}
		},
		{
			"from": [-1, 5, 7],
			"to": [1, 7, 10],
			"faces": {
				"north": {"uv": [0, 0, 2, 2], "texture": "#1"},
				"east": {"uv": [0, 0, 3, 2], "texture": "#1"},
				"south": {"uv": [0, 0, 2, 2], "texture": "#1"},
				"west": {"uv": [0, 0, 3, 2], "texture": "#1"},
				"up": {"uv": [0, 0, 2, 3], "texture": "#1"},
				"down": {"uv": [0, 0, 2, 3], "texture": "#1"}
			}
		},
		{
			"from": [-2, 7, 7],
			"to": [0, 14, 10],
			"faces": {
				"north": {"uv": [0, 0, 2, 7], "texture": "#1"},
				"east": {"uv": [0, 0, 3, 7], "texture": "#1"},
				"south": {"uv": [0, 0, 2, 7], "texture": "#1"},
				"west": {"uv": [0, 0, 3, 7], "texture": "#1"},
				"up": {"uv": [0, 0, 2, 3], "texture": "#1"},
				"down": {"uv": [0, 0, 2, 3], "texture": "#1"}
			}
		},
		{
			"from": [16, 7, 7],
			"to": [18, 14, 10],
			"faces": {
				"north": {"uv": [0, 0, 2, 7], "texture": "#1"},
				"east": {"uv": [0, 0, 3, 7], "texture": "#1"},
				"south": {"uv": [0, 0, 2, 7], "texture": "#1"},
				"west": {"uv": [0, 0, 3, 7], "texture": "#1"},
				"up": {"uv": [0, 0, 2, 3], "texture": "#1"},
				"down": {"uv": [0, 0, 2, 3], "texture": "#1"}
			}
		},
		{
			"from": [5, 0, 7],
			"to": [11, 2, 10],
			"faces": {
				"north": {"uv": [0, 0, 6, 2], "texture": "#1"},
				"east": {"uv": [0, 0, 3, 2], "texture": "#1"},
				"south": {"uv": [0, 0, 6, 2], "texture": "#1"},
				"west": {"uv": [0, 0, 3, 2], "texture": "#1"},
				"up": {"uv": [0, 0, 6, 3], "texture": "#1"},
				"down": {"uv": [0, 0, 6, 3], "texture": "#1"}
			}
		},
		{
			"from": [3, 1, 7],
			"to": [5, 3, 10],
			"faces": {
				"north": {"uv": [0, 0, 2, 2], "texture": "#1"},
				"east": {"uv": [0, 0, 3, 2], "texture": "#1"},
				"south": {"uv": [0, 0, 2, 2], "texture": "#1"},
				"west": {"uv": [0, 0, 3, 2], "texture": "#1"},
				"up": {"uv": [0, 0, 2, 3], "texture": "#1"},
				"down": {"uv": [0, 0, 2, 3], "texture": "#1"}
			}
		},
		{
			"from": [11, 1, 7],
			"to": [13, 3, 10],
			"faces": {
				"north": {"uv": [0, 0, 2, 2], "texture": "#1"},
				"east": {"uv": [0, 0, 3, 2], "texture": "#1"},
				"south": {"uv": [0, 0, 2, 2], "texture": "#1"},
				"west": {"uv": [0, 0, 3, 2], "texture": "#1"},
				"up": {"uv": [0, 0, 2, 3], "texture": "#1"},
				"down": {"uv": [0, 0, 2, 3], "texture": "#1"}
			}
		},
		{
			"from": [13, 17, 7],
			"to": [15, 19, 10],
			"rotation": {"angle": 0, "axis": "y", "origin": [0, 25, 19]},
			"faces": {
				"north": {"uv": [0, 0, 2, 2], "texture": "#1"},
				"east": {"uv": [0, 0, 3, 2], "texture": "#1"},
				"south": {"uv": [0, 0, 2, 2], "texture": "#1"},
				"west": {"uv": [0, 0, 3, 2], "texture": "#1"},
				"up": {"uv": [0, 0, 2, 3], "texture": "#1"},
				"down": {"uv": [0, 0, 2, 3], "texture": "#1"}
			}
		},
		{
			"from": [1, 17, 7],
			"to": [3, 19, 10],
			"rotation": {"angle": 0, "axis": "y", "origin": [0, 25, 19]},
			"faces": {
				"north": {"uv": [0, 0, 2, 2], "texture": "#1"},
				"east": {"uv": [0, 0, 3, 2], "texture": "#1"},
				"south": {"uv": [0, 0, 2, 2], "texture": "#1"},
				"west": {"uv": [0, 0, 3, 2], "texture": "#1"},
				"up": {"uv": [0, 0, 2, 3], "texture": "#1"},
				"down": {"uv": [0, 0, 2, 3], "texture": "#1"}
			}
		},
		{
			"from": [14, 16, 7],
			"to": [16, 18, 10],
			"rotation": {"angle": 0, "axis": "y", "origin": [0, 25, 19]},
			"faces": {
				"north": {"uv": [0, 0, 2, 2], "texture": "#1"},
				"east": {"uv": [0, 0, 3, 2], "texture": "#1"},
				"south": {"uv": [0, 0, 2, 2], "texture": "#1"},
				"west": {"uv": [0, 0, 3, 2], "texture": "#1"},
				"up": {"uv": [0, 0, 2, 3], "texture": "#1"},
				"down": {"uv": [0, 0, 2, 3], "texture": "#1"}
			}
		},
		{
			"from": [0, 16, 7],
			"to": [2, 18, 10],
			"rotation": {"angle": 0, "axis": "y", "origin": [0, 25, 19]},
			"faces": {
				"north": {"uv": [0, 0, 2, 2], "texture": "#1"},
				"east": {"uv": [0, 0, 3, 2], "texture": "#1"},
				"south": {"uv": [0, 0, 2, 2], "texture": "#1"},
				"west": {"uv": [0, 0, 3, 2], "texture": "#1"},
				"up": {"uv": [0, 0, 2, 3], "texture": "#1"},
				"down": {"uv": [0, 0, 2, 3], "texture": "#1"}
			}
		},
		{
			"from": [15, 14, 7],
			"to": [17, 16, 10],
			"rotation": {"angle": 0, "axis": "y", "origin": [0, 25, 19]},
			"faces": {
				"north": {"uv": [0, 0, 2, 2], "texture": "#1"},
				"east": {"uv": [0, 0, 3, 2], "texture": "#1"},
				"south": {"uv": [0, 0, 2, 2], "texture": "#1"},
				"west": {"uv": [0, 0, 3, 2], "texture": "#1"},
				"up": {"uv": [0, 0, 2, 3], "texture": "#1"},
				"down": {"uv": [0, 0, 2, 3], "texture": "#1"}
			}
		},
		{
			"from": [-1, 14, 7],
			"to": [1, 16, 10],
			"rotation": {"angle": 0, "axis": "y", "origin": [0, 25, 19]},
			"faces": {
				"north": {"uv": [0, 0, 2, 2], "texture": "#1"},
				"east": {"uv": [0, 0, 3, 2], "texture": "#1"},
				"south": {"uv": [0, 0, 2, 2], "texture": "#1"},
				"west": {"uv": [0, 0, 3, 2], "texture": "#1"},
				"up": {"uv": [0, 0, 2, 3], "texture": "#1"},
				"down": {"uv": [0, 0, 2, 3], "texture": "#1"}
			}
		},
		{
			"from": [5, 19, 7],
			"to": [11, 21, 10],
			"rotation": {"angle": 0, "axis": "y", "origin": [0, 25, 19]},
			"faces": {
				"north": {"uv": [0, 0, 6, 2], "texture": "#1"},
				"east": {"uv": [0, 0, 3, 2], "texture": "#1"},
				"south": {"uv": [0, 0, 6, 2], "texture": "#1"},
				"west": {"uv": [0, 0, 3, 2], "texture": "#1"},
				"up": {"uv": [0, 0, 6, 3], "texture": "#1"},
				"down": {"uv": [0, 0, 6, 3], "texture": "#1"}
			}
		},
		{
			"from": [3, 18, 7],
			"to": [5, 20, 10],
			"rotation": {"angle": 0, "axis": "y", "origin": [0, 25, 19]},
			"faces": {
				"north": {"uv": [0, 0, 2, 2], "texture": "#1"},
				"east": {"uv": [0, 0, 3, 2], "texture": "#1"},
				"south": {"uv": [0, 0, 2, 2], "texture": "#1"},
				"west": {"uv": [0, 0, 3, 2], "texture": "#1"},
				"up": {"uv": [0, 0, 2, 3], "texture": "#1"},
				"down": {"uv": [0, 0, 2, 3], "texture": "#1"}
			}
		},
		{
			"from": [11, 18, 7],
			"to": [13, 20, 10],
			"rotation": {"angle": 0, "axis": "y", "origin": [0, 25, 19]},
			"faces": {
				"north": {"uv": [0, 0, 2, 2], "texture": "#1"},
				"east": {"uv": [0, 0, 3, 2], "texture": "#1"},
				"south": {"uv": [0, 0, 2, 2], "texture": "#1"},
				"west": {"uv": [0, 0, 3, 2], "texture": "#1"},
				"up": {"uv": [0, 0, 2, 3], "texture": "#1"},
				"down": {"uv": [0, 0, 2, 3], "texture": "#1"}
			}
		},
		{
			"from": [3, 3, 8],
			"to": [4, 5, 9],
			"faces": {
				"north": {"uv": [1, 1, 2, 3], "texture": "#0"},
				"east": {"uv": [1, 3, 2, 5], "texture": "#0"},
				"south": {"uv": [1, 1, 2, 3], "texture": "#0"},
				"west": {"uv": [1, 1, 2, 3], "texture": "#0"},
				"up": {"uv": [0, 0, 1, 1], "texture": "#0"},
				"down": {"uv": [0, 0, 1, 1], "texture": "#0"}
			}
		},
		{
			"from": [12, 3, 8],
			"to": [13, 5, 9],
			"faces": {
				"north": {"uv": [1, 1, 2, 3], "texture": "#0"},
				"east": {"uv": [1, 3, 2, 5], "texture": "#0"},
				"south": {"uv": [1, 1, 2, 3], "texture": "#0"},
				"west": {"uv": [1, 1, 2, 3], "texture": "#0"},
				"up": {"uv": [0, 0, 1, 1], "texture": "#0"},
				"down": {"uv": [0, 0, 1, 1], "texture": "#0"}
			}
		},
		{
			"from": [4, 5, 8],
			"to": [5, 9, 9],
			"faces": {
				"north": {"uv": [1, 1, 2, 5], "texture": "#0"},
				"east": {"uv": [1, 3, 2, 7], "texture": "#0"},
				"south": {"uv": [1, 1, 2, 5], "texture": "#0"},
				"west": {"uv": [1, 1, 2, 5], "texture": "#0"},
				"up": {"uv": [0, 0, 1, 1], "texture": "#0"},
				"down": {"uv": [0, 0, 1, 1], "texture": "#0"}
			}
		},
		{
			"from": [11, 5, 8],
			"to": [12, 9, 9],
			"faces": {
				"north": {"uv": [1, 1, 2, 5], "texture": "#0"},
				"east": {"uv": [1, 3, 2, 7], "texture": "#0"},
				"south": {"uv": [1, 1, 2, 5], "texture": "#0"},
				"west": {"uv": [1, 1, 2, 5], "texture": "#0"},
				"up": {"uv": [0, 0, 1, 1], "texture": "#0"},
				"down": {"uv": [0, 0, 1, 1], "texture": "#0"}
			}
		},
		{
			"from": [4, 3, 8],
			"to": [5, 4, 9],
			"faces": {
				"north": {"uv": [1, 1, 2, 2], "texture": "#0"},
				"east": {"uv": [0, 0, 1, 1], "texture": "#0"},
				"south": {"uv": [0, 0, 1, 1], "texture": "#0"},
				"west": {"uv": [0, 0, 1, 1], "texture": "#0"},
				"up": {"uv": [0, 0, 1, 1], "texture": "#0"},
				"down": {"uv": [0, 0, 1, 1], "texture": "#0"}
			}
		},
		{
			"from": [11, 3, 8],
			"to": [12, 4, 9],
			"faces": {
				"north": {"uv": [1, 1, 2, 2], "texture": "#0"},
				"east": {"uv": [0, 0, 1, 1], "texture": "#0"},
				"south": {"uv": [0, 0, 1, 1], "texture": "#0"},
				"west": {"uv": [0, 0, 1, 1], "texture": "#0"},
				"up": {"uv": [0, 0, 1, 1], "texture": "#0"},
				"down": {"uv": [0, 0, 1, 1], "texture": "#0"}
			}
		},
		{
			"from": [5, 4, 8],
			"to": [6, 5, 9],
			"faces": {
				"north": {"uv": [1, 1, 2, 2], "texture": "#0"},
				"east": {"uv": [0, 0, 1, 1], "texture": "#0"},
				"south": {"uv": [0, 0, 1, 1], "texture": "#0"},
				"west": {"uv": [0, 0, 1, 1], "texture": "#0"},
				"up": {"uv": [0, 0, 1, 1], "texture": "#0"},
				"down": {"uv": [0, 0, 1, 1], "texture": "#0"}
			}
		},
		{
			"from": [10, 4, 8],
			"to": [11, 5, 9],
			"faces": {
				"north": {"uv": [1, 1, 2, 2], "texture": "#0"},
				"east": {"uv": [0, 0, 1, 1], "texture": "#0"},
				"south": {"uv": [0, 0, 1, 1], "texture": "#0"},
				"west": {"uv": [0, 0, 1, 1], "texture": "#0"},
				"up": {"uv": [0, 0, 1, 1], "texture": "#0"},
				"down": {"uv": [0, 0, 1, 1], "texture": "#0"}
			}
		},
		{
			"from": [6, 5, 8],
			"to": [7, 6, 9],
			"faces": {
				"north": {"uv": [1, 1, 2, 2], "texture": "#0"},
				"east": {"uv": [0, 0, 1, 1], "texture": "#0"},
				"south": {"uv": [0, 0, 1, 1], "texture": "#0"},
				"west": {"uv": [0, 0, 1, 1], "texture": "#0"},
				"up": {"uv": [0, 0, 1, 1], "texture": "#0"},
				"down": {"uv": [0, 0, 1, 1], "texture": "#0"}
			}
		},
		{
			"from": [6, 8, 8],
			"to": [7, 9, 9],
			"faces": {
				"north": {"uv": [1, 1, 2, 2], "texture": "#0"},
				"east": {"uv": [0, 0, 1, 1], "texture": "#0"},
				"south": {"uv": [0, 0, 1, 1], "texture": "#0"},
				"west": {"uv": [0, 0, 1, 1], "texture": "#0"},
				"up": {"uv": [0, 0, 1, 1], "texture": "#0"},
				"down": {"uv": [0, 0, 1, 1], "texture": "#0"}
			}
		},
		{
			"from": [9, 8, 8],
			"to": [10, 9, 9],
			"faces": {
				"north": {"uv": [1, 1, 2, 2], "texture": "#0"},
				"east": {"uv": [0, 0, 1, 1], "texture": "#0"},
				"south": {"uv": [0, 0, 1, 1], "texture": "#0"},
				"west": {"uv": [0, 0, 1, 1], "texture": "#0"},
				"up": {"uv": [0, 0, 1, 1], "texture": "#0"},
				"down": {"uv": [0, 0, 1, 1], "texture": "#0"}
			}
		},
		{
			"from": [7, 6, 8],
			"to": [9, 8, 9],
			"faces": {
				"north": {"uv": [1, 1, 3, 3], "texture": "#0"},
				"east": {"uv": [1, 3, 2, 5], "texture": "#0"},
				"south": {"uv": [3, 4, 5, 6], "texture": "#0"},
				"west": {"uv": [1, 1, 2, 3], "texture": "#0"},
				"up": {"uv": [2, 4, 4, 5], "texture": "#0"},
				"down": {"uv": [0, 0, 2, 1], "texture": "#0"}
			}
		},
		{
			"from": [6, 14, 8],
			"to": [7, 17, 9],
			"faces": {
				"north": {"uv": [1, 1, 2, 4], "texture": "#0"},
				"east": {"uv": [1, 3, 2, 6], "texture": "#0"},
				"south": {"uv": [1, 1, 2, 4], "texture": "#0"},
				"west": {"uv": [1, 1, 2, 4], "texture": "#0"},
				"up": {"uv": [0, 0, 1, 1], "texture": "#0"},
				"down": {"uv": [0, 0, 1, 1], "texture": "#0"}
			}
		},
		{
			"from": [9, 14, 8],
			"to": [10, 17, 9],
			"faces": {
				"north": {"uv": [1, 1, 2, 4], "texture": "#0"},
				"east": {"uv": [1, 3, 2, 6], "texture": "#0"},
				"south": {"uv": [1, 1, 2, 4], "texture": "#0"},
				"west": {"uv": [1, 1, 2, 4], "texture": "#0"},
				"up": {"uv": [0, 0, 1, 1], "texture": "#0"},
				"down": {"uv": [0, 0, 1, 1], "texture": "#0"}
			}
		},
		{
			"from": [10, 9, 8],
			"to": [11, 13, 9],
			"faces": {
				"north": {"uv": [1, 1, 2, 5], "texture": "#0"},
				"east": {"uv": [1, 3, 2, 7], "texture": "#0"},
				"south": {"uv": [1, 1, 2, 5], "texture": "#0"},
				"west": {"uv": [1, 1, 2, 5], "texture": "#0"},
				"up": {"uv": [0, 0, 1, 1], "texture": "#0"},
				"down": {"uv": [0, 0, 1, 1], "texture": "#0"}
			}
		},
		{
			"from": [5, 9, 8],
			"to": [6, 13, 9],
			"faces": {
				"north": {"uv": [1, 1, 2, 5], "texture": "#0"},
				"east": {"uv": [1, 3, 2, 7], "texture": "#0"},
				"south": {"uv": [1, 1, 2, 5], "texture": "#0"},
				"west": {"uv": [1, 1, 2, 5], "texture": "#0"},
				"up": {"uv": [0, 0, 1, 1], "texture": "#0"},
				"down": {"uv": [0, 0, 1, 1], "texture": "#0"}
			}
		},
		{
			"from": [9, 5, 8],
			"to": [10, 6, 9],
			"faces": {
				"north": {"uv": [1, 1, 2, 2], "texture": "#0"},
				"east": {"uv": [0, 0, 1, 1], "texture": "#0"},
				"south": {"uv": [0, 0, 1, 1], "texture": "#0"},
				"west": {"uv": [0, 0, 1, 1], "texture": "#0"},
				"up": {"uv": [0, 0, 1, 1], "texture": "#0"},
				"down": {"uv": [0, 0, 1, 1], "texture": "#0"}
			}
		},
		{
			"from": [3, 11, 8],
			"to": [4, 12, 9],
			"faces": {
				"north": {"uv": [1, 1, 2, 2], "texture": "#0"},
				"east": {"uv": [0, 0, 1, 1], "texture": "#0"},
				"south": {"uv": [0, 0, 1, 1], "texture": "#0"},
				"west": {"uv": [0, 0, 1, 1], "texture": "#0"},
				"up": {"uv": [0, 0, 1, 1], "texture": "#0"},
				"down": {"uv": [0, 0, 1, 1], "texture": "#0"}
			}
		},
		{
			"from": [4, 10, 8],
			"to": [5, 11, 9],
			"faces": {
				"north": {"uv": [1, 1, 2, 2], "texture": "#0"},
				"east": {"uv": [0, 0, 1, 1], "texture": "#0"},
				"south": {"uv": [0, 0, 1, 1], "texture": "#0"},
				"west": {"uv": [0, 0, 1, 1], "texture": "#0"},
				"up": {"uv": [0, 0, 1, 1], "texture": "#0"},
				"down": {"uv": [0, 0, 1, 1], "texture": "#0"}
			}
		},
		{
			"from": [11, 10, 8],
			"to": [12, 11, 9],
			"faces": {
				"north": {"uv": [1, 1, 2, 2], "texture": "#0"},
				"east": {"uv": [0, 0, 1, 1], "texture": "#0"},
				"south": {"uv": [0, 0, 1, 1], "texture": "#0"},
				"west": {"uv": [0, 0, 1, 1], "texture": "#0"},
				"up": {"uv": [0, 0, 1, 1], "texture": "#0"},
				"down": {"uv": [0, 0, 1, 1], "texture": "#0"}
			}
		},
		{
			"from": [7, 17, 8],
			"to": [9, 19, 9],
			"faces": {
				"north": {"uv": [1, 1, 3, 3], "texture": "#0"},
				"east": {"uv": [1, 3, 2, 5], "texture": "#0"},
				"south": {"uv": [3, 4, 5, 6], "texture": "#0"},
				"west": {"uv": [1, 1, 2, 3], "texture": "#0"},
				"up": {"uv": [2, 4, 4, 5], "texture": "#0"},
				"down": {"uv": [0, 0, 2, 1], "texture": "#0"}
			}
		},
		{
			"from": [12, 11, 8],
			"to": [13, 12, 9],
			"faces": {
				"north": {"uv": [1, 1, 2, 2], "texture": "#0"},
				"east": {"uv": [0, 0, 1, 1], "texture": "#0"},
				"south": {"uv": [0, 0, 1, 1], "texture": "#0"},
				"west": {"uv": [0, 0, 1, 1], "texture": "#0"},
				"up": {"uv": [0, 0, 1, 1], "texture": "#0"},
				"down": {"uv": [0, 0, 1, 1], "texture": "#0"}
			}
		},
		{
			"from": [2, 12, 8],
			"to": [3, 13, 9],
			"faces": {
				"north": {"uv": [1, 1, 2, 2], "texture": "#0"},
				"east": {"uv": [0, 0, 1, 1], "texture": "#0"},
				"south": {"uv": [0, 0, 1, 1], "texture": "#0"},
				"west": {"uv": [0, 0, 1, 1], "texture": "#0"},
				"up": {"uv": [0, 0, 1, 1], "texture": "#0"},
				"down": {"uv": [0, 0, 1, 1], "texture": "#0"}
			}
		},
		{
			"from": [13, 12, 8],
			"to": [14, 13, 9],
			"faces": {
				"north": {"uv": [1, 1, 2, 2], "texture": "#0"},
				"east": {"uv": [0, 0, 1, 1], "texture": "#0"},
				"south": {"uv": [0, 0, 1, 1], "texture": "#0"},
				"west": {"uv": [0, 0, 1, 1], "texture": "#0"},
				"up": {"uv": [0, 0, 1, 1], "texture": "#0"},
				"down": {"uv": [0, 0, 1, 1], "texture": "#0"}
			}
		},
		{
			"from": [1, 13, 8],
			"to": [15, 14, 9],
			"faces": {
				"north": {"uv": [1, 1, 15, 2], "texture": "#0"},
				"east": {"uv": [0, 0, 1, 1], "texture": "#0"},
				"south": {"uv": [2, 3, 16, 4], "texture": "#0"},
				"west": {"uv": [0, 0, 1, 1], "texture": "#0"},
				"up": {"uv": [2, 4, 16, 5], "texture": "#0"},
				"down": {"uv": [0, 0, 14, 1], "texture": "#0"}
			}
		}
	],
	"display": {
		"ground": {
			"translation": [0, 9.5, 0],
			"scale": [1.2, 1.2, 1.2]
		},
		"gui": {
			"rotation": [0, 180, 0]
		}
	},
	"groups": [
		{
			"name": "bottom_half",
			"origin": [0, 0, 0],
			"color": 0,
			"children": [0, 1, 2, 3, 4, 5, 6, 7, 8, 9, 10, 11, 12, 13, 14, 15, 16, 17, 18, 19]
		},
		{
			"name": "star",
			"origin": [8, 8, 8],
			"color": 0,
			"children": [20, 21, 22, 23, 24, 25, 26, 27, 28, 29, 30, 31, 32, 33, 34, 35, 36, 37, 38, 39, 40, 41, 42, 43, 44]
		}
	]
}