{
	"credit": "Made with Blockbench",
	"textures": {
		"0": "block/redstone_block",
		"1": "block/oak_log",
		"2": "block/copper_block",
		"5": "block/anvil",
		"6": "block/black_concrete_powder",
		"particle": "block/redstone_block"
	},
	"elements": [
		{
			"from": [6, 0, -4],
			"to": [9, 3, -2],
			"faces": {
				"north": {"uv": [0, 0, 3, 3], "texture": "#6"},
				"east": {"uv": [0, 0, 2, 3], "texture": "#6"},
				"south": {"uv": [0, 0, 3, 3], "texture": "#6"},
				"west": {"uv": [0, 0, 2, 3], "texture": "#6"},
				"up": {"uv": [0, 0, 3, 2], "texture": "#6"},
				"down": {"uv": [0, 0, 3, 2], "texture": "#6"}
			}
		},
		{
			"from": [6, 1, 3],
			"to": [9, 3, 5],
			"faces": {
				"north": {"uv": [0, 0, 3, 2], "texture": "#1"},
				"east": {"uv": [0, 0, 2, 2], "texture": "#1"},
				"south": {"uv": [0, 0, 3, 2], "texture": "#1"},
				"west": {"uv": [0, 0, 2, 2], "texture": "#1"},
				"up": {"uv": [0, 0, 3, 2], "texture": "#1"},
				"down": {"uv": [0, 0, 3, 2], "texture": "#1"}
			}
		},
		{
			"from": [6, 2, 2],
			"to": [9, 3, 3],
			"faces": {
				"north": {"uv": [0, 0, 3, 1], "texture": "#1"},
				"east": {"uv": [0, 0, 1, 1], "texture": "#1"},
				"south": {"uv": [0, 0, 3, 1], "texture": "#1"},
				"west": {"uv": [0, 0, 1, 1], "texture": "#1"},
				"up": {"uv": [0, 0, 3, 1], "texture": "#1"},
				"down": {"uv": [0, 0, 3, 1], "texture": "#1"}
			}
		},
		{
			"from": [7, 8, 1],
			"to": [8, 9, 6],
			"faces": {
				"north": {"uv": [0, 0, 1, 1], "texture": "#6"},
				"east": {"uv": [0, 0, 5, 1], "texture": "#6"},
				"south": {"uv": [0, 0, 1, 1], "texture": "#6"},
				"west": {"uv": [0, 0, 5, 1], "texture": "#6"},
				"up": {"uv": [0, 0, 1, 5], "texture": "#6"},
				"down": {"uv": [0, 0, 1, 5], "texture": "#6"}
			}
		},
		{
			"from": [6, 1, -5],
			"to": [9, 8, -4],
			"faces": {
				"north": {"uv": [0, 0, 3, 7], "texture": "#6"},
				"east": {"uv": [0, 0, 1, 7], "texture": "#6"},
				"south": {"uv": [0, 0, 3, 7], "texture": "#6"},
				"west": {"uv": [0, 0, 1, 7], "texture": "#6"},
				"up": {"uv": [0, 0, 3, 1], "texture": "#6"},
				"down": {"uv": [0, 0, 3, 1], "texture": "#6"}
			}
		},
		{
			"from": [6, 3, -4],
			"to": [9, 5, 7],
			"faces": {
				"north": {"uv": [0, 0, 3, 2], "texture": "#6"},
				"east": {"uv": [0, 0, 11, 2], "texture": "#6"},
				"south": {"uv": [0, 0, 3, 2], "texture": "#6"},
				"west": {"uv": [0, 0, 11, 2], "texture": "#6"},
				"up": {"uv": [0, 0, 3, 11], "texture": "#6"},
				"down": {"uv": [0, 0, 3, 11], "texture": "#6"}
			}
		},
		{
			"from": [6, 5, 7],
			"to": [9, 8, 8],
			"faces": {
				"north": {"uv": [0, 0, 3, 3], "texture": "#5"},
				"east": {"uv": [0, 0, 1, 3], "texture": "#5"},
				"south": {"uv": [0, 0, 3, 3], "texture": "#5"},
				"west": {"uv": [0, 0, 1, 3], "texture": "#5"},
				"up": {"uv": [0, 0, 3, 1], "texture": "#5"},
				"down": {"uv": [0, 0, 3, 1], "texture": "#5"}
			}
		},
		{
			"from": [6, 5, 17],
			"to": [9, 8, 18],
			"faces": {
				"north": {"uv": [0, 0, 3, 3], "texture": "#5"},
				"east": {"uv": [0, 0, 1, 3], "texture": "#5"},
				"south": {"uv": [0, 0, 3, 3], "texture": "#5"},
				"west": {"uv": [0, 0, 1, 3], "texture": "#5"},
				"up": {"uv": [0, 0, 3, 1], "texture": "#5"},
				"down": {"uv": [0, 0, 3, 1], "texture": "#5"}
			}
		},
		{
			"from": [6, 5, 8],
			"to": [9, 8, 17],
			"faces": {
				"north": {"uv": [0, 0, 3, 3], "texture": "#1"},
				"east": {"uv": [0, 0, 9, 3], "texture": "#1"},
				"south": {"uv": [0, 0, 3, 3], "texture": "#1"},
				"west": {"uv": [0, 0, 9, 3], "texture": "#1"},
				"up": {"uv": [0, 0, 3, 9], "texture": "#1"},
				"down": {"uv": [0, 0, 3, 9], "texture": "#1"}
			}
		},
		{
			"from": [5, 4, 9],
			"to": [10, 9, 10],
			"faces": {
				"north": {"uv": [0, 0, 5, 5], "texture": "#2"},
				"east": {"uv": [0, 0, 1, 5], "texture": "#2"},
				"south": {"uv": [0, 0, 5, 5], "texture": "#2"},
				"west": {"uv": [0, 0, 1, 5], "texture": "#2"},
				"up": {"uv": [0, 0, 5, 1], "texture": "#2"},
				"down": {"uv": [0, 0, 5, 1], "texture": "#2"}
			}
		},
		{
			"from": [5, 4, 11],
			"to": [10, 9, 12],
			"faces": {
				"north": {"uv": [0, 0, 5, 5], "texture": "#2"},
				"east": {"uv": [0, 0, 1, 5], "texture": "#2"},
				"south": {"uv": [0, 0, 5, 5], "texture": "#2"},
				"west": {"uv": [0, 0, 1, 5], "texture": "#2"},
				"up": {"uv": [0, 0, 5, 1], "texture": "#2"},
				"down": {"uv": [0, 0, 5, 1], "texture": "#2"}
			}
		},
		{
			"from": [5, 4, 13],
			"to": [10, 9, 14],
			"faces": {
				"north": {"uv": [0, 0, 5, 5], "texture": "#2"},
				"east": {"uv": [0, 0, 1, 5], "texture": "#2"},
				"south": {"uv": [0, 0, 5, 5], "texture": "#2"},
				"west": {"uv": [0, 0, 1, 5], "texture": "#2"},
				"up": {"uv": [0, 0, 5, 1], "texture": "#2"},
				"down": {"uv": [0, 0, 5, 1], "texture": "#2"}
			}
		},
		{
			"from": [5, 4, 15],
			"to": [10, 9, 16],
			"faces": {
				"north": {"uv": [0, 0, 5, 5], "texture": "#2"},
				"east": {"uv": [0, 0, 1, 5], "texture": "#2"},
				"south": {"uv": [0, 0, 5, 5], "texture": "#2"},
				"west": {"uv": [0, 0, 1, 5], "texture": "#2"},
				"up": {"uv": [0, 0, 5, 1], "texture": "#2"},
				"down": {"uv": [0, 0, 5, 1], "texture": "#2"}
			}
		},
		{
			"from": [6, 5, 18],
			"to": [9, 8, 19],
			"faces": {
				"north": {"uv": [0, 0, 3, 3], "texture": "#6"},
				"east": {"uv": [0, 0, 1, 3], "texture": "#6"},
				"south": {"uv": [0, 0, 3, 3], "texture": "#6"},
				"west": {"uv": [0, 0, 1, 3], "texture": "#6"},
				"up": {"uv": [0, 0, 3, 1], "texture": "#6"},
				"down": {"uv": [0, 0, 3, 1], "texture": "#6"}
			}
		},
		{
			"from": [7, 9, 18],
			"to": [8, 10, 20],
			"faces": {
				"north": {"uv": [0, 0, 1, 1], "texture": "#5"},
				"east": {"uv": [0, 0, 2, 1], "texture": "#5"},
				"south": {"uv": [0, 0, 1, 1], "texture": "#5"},
				"west": {"uv": [0, 0, 2, 1], "texture": "#5"},
				"up": {"uv": [0, 0, 1, 2], "texture": "#5"},
				"down": {"uv": [0, 0, 1, 2], "texture": "#5"}
			}
		},
		{
			"from": [6, 8, 18],
			"to": [9, 9, 20],
			"faces": {
				"north": {"uv": [0, 0, 3, 1], "texture": "#5"},
				"east": {"uv": [0, 0, 2, 1], "texture": "#5"},
				"south": {"uv": [0, 0, 3, 1], "texture": "#5"},
				"west": {"uv": [0, 0, 2, 1], "texture": "#5"},
				"up": {"uv": [0, 0, 3, 2], "texture": "#5"},
				"down": {"uv": [0, 0, 3, 2], "texture": "#5"}
			}
		},
		{
			"from": [6, 4, 18],
			"to": [9, 5, 20],
			"faces": {
				"north": {"uv": [0, 0, 3, 1], "texture": "#5"},
				"east": {"uv": [0, 0, 2, 1], "texture": "#5"},
				"south": {"uv": [0, 0, 3, 1], "texture": "#5"},
				"west": {"uv": [0, 0, 2, 1], "texture": "#5"},
				"up": {"uv": [0, 0, 3, 2], "texture": "#5"},
				"down": {"uv": [0, 0, 3, 2], "texture": "#5"}
			}
		},
		{
			"from": [9, 5, 18],
			"to": [10, 8, 20],
			"faces": {
				"north": {"uv": [0, 0, 1, 3], "texture": "#5"},
				"east": {"uv": [0, 0, 2, 3], "texture": "#5"},
				"south": {"uv": [0, 0, 1, 3], "texture": "#5"},
				"west": {"uv": [0, 0, 2, 3], "texture": "#5"},
				"up": {"uv": [0, 0, 1, 2], "texture": "#5"},
				"down": {"uv": [0, 0, 1, 2], "texture": "#5"}
			}
		},
		{
			"from": [5, 5, 18],
			"to": [6, 8, 20],
			"faces": {
				"north": {"uv": [0, 0, 1, 3], "texture": "#5"},
				"east": {"uv": [0, 0, 2, 3], "texture": "#5"},
				"south": {"uv": [0, 0, 1, 3], "texture": "#5"},
				"west": {"uv": [0, 0, 2, 3], "texture": "#5"},
				"up": {"uv": [0, 0, 1, 2], "texture": "#5"},
				"down": {"uv": [0, 0, 1, 2], "texture": "#5"}
			}
		},
		{
			"from": [5, 7, -4],
			"to": [10, 8, 7],
			"faces": {
				"north": {"uv": [0, 0, 5, 1], "texture": "#6"},
				"east": {"uv": [0, 0, 11, 1], "texture": "#6"},
				"south": {"uv": [0, 0, 5, 1], "texture": "#6"},
				"west": {"uv": [0, 0, 11, 1], "texture": "#6"},
				"up": {"uv": [0, 0, 5, 11], "texture": "#6"},
				"down": {"uv": [0, 0, 5, 11], "texture": "#6"}
			}
		},
		{
			"from": [5, 5, -4],
			"to": [10, 6, 7],
			"faces": {
				"north": {"uv": [0, 0, 5, 1], "texture": "#6"},
				"east": {"uv": [0, 0, 11, 1], "texture": "#6"},
				"south": {"uv": [0, 0, 5, 1], "texture": "#6"},
				"west": {"uv": [0, 0, 11, 1], "texture": "#6"},
				"up": {"uv": [0, 0, 5, 11], "texture": "#6"},
				"down": {"uv": [0, 0, 5, 11], "texture": "#6"}
			}
		},
		{
			"from": [9, 6, 2],
			"to": [10, 7, 7],
			"faces": {
				"north": {"uv": [0, 0, 1, 1], "texture": "#6"},
				"east": {"uv": [0, 0, 5, 1], "texture": "#6"},
				"south": {"uv": [0, 0, 1, 1], "texture": "#6"},
				"west": {"uv": [0, 0, 5, 1], "texture": "#6"},
				"up": {"uv": [0, 0, 1, 5], "texture": "#6"},
				"down": {"uv": [0, 0, 1, 5], "texture": "#6"}
			}
		},
		{
			"from": [5, 6, 2],
			"to": [6, 7, 7],
			"faces": {
				"north": {"uv": [0, 0, 1, 1], "texture": "#6"},
				"east": {"uv": [0, 0, 5, 1], "texture": "#6"},
				"south": {"uv": [0, 0, 1, 1], "texture": "#6"},
				"west": {"uv": [0, 0, 5, 1], "texture": "#6"},
				"up": {"uv": [0, 0, 1, 5], "texture": "#6"},
				"down": {"uv": [0, 0, 1, 5], "texture": "#6"}
			}
		},
		{
			"from": [6, 3, -6],
			"to": [9, 7, -5],
			"faces": {
				"north": {"uv": [0, 0, 3, 4], "texture": "#6"},
				"east": {"uv": [0, 0, 1, 4], "texture": "#6"},
				"south": {"uv": [0, 0, 3, 4], "texture": "#6"},
				"west": {"uv": [0, 0, 1, 4], "texture": "#6"},
				"up": {"uv": [0, 0, 3, 1], "texture": "#6"},
				"down": {"uv": [0, 0, 3, 1], "texture": "#6"}
			}
		},
		{
			"from": [6, 6, -4],
			"to": [9, 7, 2],
			"faces": {
				"north": {"uv": [0, 0, 3, 1], "texture": "#0"},
				"east": {"uv": [0, 0, 6, 1], "texture": "#0"},
				"south": {"uv": [0, 0, 3, 1], "texture": "#0"},
				"west": {"uv": [0, 0, 6, 1], "texture": "#0"},
				"up": {"uv": [0, 0, 3, 6], "texture": "#0"},
				"down": {"uv": [0, 0, 3, 6], "texture": "#0"}
			}
		}
	],
	"display": {
		"thirdperson_righthand": {
			"rotation": [0, 180, 0],
			"translation": [-0.75, 2.5, -3.25],
			"scale": [0.75, 0.75, 0.75]
		},
		"thirdperson_lefthand": {
			"rotation": [0, 180, 0],
			"translation": [0, 1.25, -3.5],
			"scale": [0.75, 0.75, 0.75]
		},
		"firstperson_righthand": {
			"rotation": [0, 180, 0]
		},
		"firstperson_lefthand": {
			"rotation": [0, 180, 0]
		},
		"ground": {
			"translation": [0, 3.75, 0]
		},
		"gui": {
			"rotation": [47.97, -45.82, 16.41],
			"scale": [0.75, 0.75, 0.75]
		},
		"head": {
			"rotation": [0, 180, 0],
			"translation": [0, 11, 0]
		},
		"fixed": {
			"rotation": [0, -88, 0],
			"translation": [0, 1, -1.25]
		}
	}
}