{
	"credit": "Made with Blockbench",
	"textures": {
		"1": "block/beacon",
		"particle": "block/slime_block"
	},
	"elements": [
		{
			"name": "core",
			"from": [7, 12, 6],
			"to": [10, 15, 9],
			"faces": {
				"north": {"uv": [12, 1, 15, 4], "texture": "#1"},
				"east": {"uv": [2, 10, 5, 13], "texture": "#1"},
				"south": {"uv": [12, 1, 15, 4], "texture": "#1"},
				"west": {"uv": [12, 1, 15, 4], "texture": "#1"},
				"up": {"uv": [1, 5, 4, 8], "texture": "#1"},
				"down": {"uv": [2, 1, 5, 4], "texture": "#1"}
			}
		},
		{
			"name": "core",
			"from": [8, 12, 9],
			"to": [9, 15, 10],
			"faces": {
				"north": {"uv": [11, 1, 14, 4], "texture": "#1"},
				"east": {"uv": [2, 9, 5, 12], "texture": "#1"},
				"south": {"uv": [10, 11, 13, 14], "texture": "#1"},
				"west": {"uv": [11, 8, 14, 11], "texture": "#1"},
				"up": {"uv": [1, 4, 4, 7], "texture": "#1"},
				"down": {"uv": [6, 1, 9, 4], "texture": "#1"}
			}
		},
		{
			"name": "core",
			"from": [8, 12, 5],
			"to": [9, 15, 6],
			"faces": {
				"north": {"uv": [10, 3, 13, 6], "texture": "#1"},
				"east": {"uv": [3, 9, 6, 12], "texture": "#1"},
				"south": {"uv": [10, 11, 13, 14], "texture": "#1"},
				"west": {"uv": [11, 6, 14, 9], "texture": "#1"},
				"up": {"uv": [2, 5, 5, 8], "texture": "#1"},
				"down": {"uv": [6, 2, 9, 5], "texture": "#1"}
			}
		},
		{
			"name": "core",
			"from": [6, 12, 7],
			"to": [7, 15, 8],
			"faces": {
				"north": {"uv": [11, 1, 14, 4], "texture": "#1"},
				"east": {"uv": [3, 9, 6, 12], "texture": "#1"},
				"south": {"uv": [10, 11, 13, 14], "texture": "#1"},
				"west": {"uv": [11, 7, 14, 10], "texture": "#1"},
				"up": {"uv": [2, 5, 5, 8], "texture": "#1"},
				"down": {"uv": [6, 2, 9, 5], "texture": "#1"}
			}
		},
		{
			"name": "core",
			"from": [10, 12, 7],
			"to": [11, 15, 8],
			"faces": {
				"north": {"uv": [11, 1, 14, 4], "texture": "#1"},
				"east": {"uv": [2, 10, 5, 13], "texture": "#1"},
				"south": {"uv": [10, 11, 13, 14], "texture": "#1"},
				"west": {"uv": [10, 8, 13, 11], "texture": "#1"},
				"up": {"uv": [2, 5, 5, 8], "texture": "#1"},
				"down": {"uv": [6, 2, 9, 5], "texture": "#1"}
			}
		},
		{
			"name": "core",
			"from": [8, 15, 6],
			"to": [9, 16, 9],
			"faces": {
				"north": {"uv": [5, 1, 8, 4], "rotation": 180, "texture": "#1"},
				"east": {"uv": [3, 9, 6, 12], "rotation": 270, "texture": "#1"},
				"south": {"uv": [4, 11, 7, 14], "texture": "#1"},
				"west": {"uv": [10, 8, 13, 11], "rotation": 90, "texture": "#1"},
				"up": {"uv": [8, 1, 11, 4], "rotation": 180, "texture": "#1"},
				"down": {"uv": [12, 6, 15, 9], "texture": "#1"}
			}
		},
		{
			"name": "core",
			"from": [8, 11, 6],
			"to": [9, 12, 9],
			"faces": {
				"north": {"uv": [5, 1, 8, 4], "rotation": 180, "texture": "#1"},
				"east": {"uv": [3, 9, 6, 12], "rotation": 270, "texture": "#1"},
				"south": {"uv": [4, 11, 7, 14], "texture": "#1"},
				"west": {"uv": [11, 10, 14, 13], "rotation": 90, "texture": "#1"},
				"up": {"uv": [8, 1, 11, 4], "rotation": 180, "texture": "#1"},
				"down": {"uv": [12, 6, 15, 9], "texture": "#1"}
			}
		},
		{
			"name": "core",
			"from": [7, 11, 7],
			"to": [8, 12, 8],
			"faces": {
				"north": {"uv": [5, 1, 8, 4], "rotation": 180, "texture": "#1"},
				"east": {"uv": [3, 9, 6, 12], "rotation": 270, "texture": "#1"},
				"south": {"uv": [4, 11, 7, 14], "texture": "#1"},
				"west": {"uv": [11, 8, 14, 11], "rotation": 90, "texture": "#1"},
				"up": {"uv": [8, 1, 11, 4], "rotation": 180, "texture": "#1"},
				"down": {"uv": [12, 6, 15, 9], "texture": "#1"}
			}
		},
		{
			"name": "core",
			"from": [9, 11, 7],
			"to": [10, 12, 8],
			"faces": {
				"north": {"uv": [5, 1, 8, 4], "rotation": 180, "texture": "#1"},
				"east": {"uv": [3, 9, 6, 12], "rotation": 270, "texture": "#1"},
				"south": {"uv": [4, 11, 7, 14], "texture": "#1"},
				"west": {"uv": [10, 8, 13, 11], "rotation": 90, "texture": "#1"},
				"up": {"uv": [8, 1, 11, 4], "rotation": 180, "texture": "#1"},
				"down": {"uv": [12, 6, 15, 9], "texture": "#1"}
			}
		},
		{
			"name": "core",
			"from": [9, 15, 7],
			"to": [10, 16, 8],
			"faces": {
				"north": {"uv": [5, 1, 8, 4], "rotation": 180, "texture": "#1"},
				"east": {"uv": [3, 9, 6, 12], "rotation": 270, "texture": "#1"},
				"south": {"uv": [4, 11, 7, 14], "texture": "#1"},
				"west": {"uv": [10, 8, 13, 11], "rotation": 90, "texture": "#1"},
				"up": {"uv": [8, 1, 11, 4], "rotation": 180, "texture": "#1"},
				"down": {"uv": [12, 6, 15, 9], "texture": "#1"}
			}
		},
		{
			"name": "core",
			"from": [7, 15, 7],
			"to": [8, 16, 8],
			"faces": {
				"north": {"uv": [5, 1, 8, 4], "rotation": 180, "texture": "#1"},
				"east": {"uv": [3, 9, 6, 12], "rotation": 270, "texture": "#1"},
				"south": {"uv": [4, 11, 7, 14], "texture": "#1"},
				"west": {"uv": [10, 8, 13, 11], "rotation": 90, "texture": "#1"},
				"up": {"uv": [8, 1, 11, 4], "rotation": 180, "texture": "#1"},
				"down": {"uv": [12, 6, 15, 9], "texture": "#1"}
			}
		},
		{
			"name": "Right",
			"from": [-1, 12, 7],
			"to": [4, 15, 8],
			"rotation": {"angle": 0, "axis": "z", "origin": [7, 13, 7]},
			"faces": {
				"north": {"uv": [3, 9, 6, 14], "rotation": 270, "texture": "#1"},
				"east": {"uv": [3, 2, 6, 3], "rotation": 90, "texture": "#1"},
				"south": {"uv": [12, 2, 15, 7], "rotation": 90, "texture": "#1"},
				"west": {"uv": [12, 9, 15, 10], "rotation": 90, "texture": "#1"},
				"up": {"uv": [3, 2, 4, 7], "rotation": 90, "texture": "#1"},
				"down": {"uv": [3, 2, 4, 7], "rotation": 90, "texture": "#1"}
			}
		},
		{
			"name": "Right",
			"from": [-5, 13, 7],
			"to": [-1, 15, 8],
			"rotation": {"angle": 0, "axis": "z", "origin": [7, 13, 7]},
			"faces": {
				"north": {"uv": [3, 9, 5, 13], "rotation": 270, "texture": "#1"},
				"east": {"uv": [3, 2, 5, 3], "rotation": 90, "texture": "#1"},
				"south": {"uv": [12, 2, 14, 6], "rotation": 90, "texture": "#1"},
				"west": {"uv": [12, 9, 14, 10], "rotation": 90, "texture": "#1"},
				"up": {"uv": [3, 2, 4, 6], "rotation": 90, "texture": "#1"},
				"down": {"uv": [3, 2, 4, 6], "rotation": 90, "texture": "#1"}
			}
		},
		{
			"name": "Right",
			"from": [-6, 14, 7],
			"to": [-5, 15, 8],
			"rotation": {"angle": 0, "axis": "z", "origin": [7, 13, 7]},
			"faces": {
				"north": {"uv": [3, 9, 4, 10], "rotation": 270, "texture": "#1"},
				"east": {"uv": [3, 2, 4, 3], "rotation": 90, "texture": "#1"},
				"south": {"uv": [12, 2, 13, 3], "rotation": 90, "texture": "#1"},
				"west": {"uv": [12, 9, 13, 10], "rotation": 90, "texture": "#1"},
				"up": {"uv": [3, 2, 4, 3], "rotation": 90, "texture": "#1"},
				"down": {"uv": [3, 2, 4, 3], "rotation": 90, "texture": "#1"}
			}
		},
		{
			"name": "Right",
			"from": [18, 12, 7],
			"to": [22, 14, 8],
			"rotation": {"angle": 0, "axis": "z", "origin": [7, 13, 7]},
			"faces": {
				"north": {"uv": [3, 9, 5, 13], "rotation": 90, "texture": "#1"},
				"east": {"uv": [3, 2, 5, 3], "rotation": 270, "texture": "#1"},
				"south": {"uv": [12, 2, 14, 6], "rotation": 270, "texture": "#1"},
				"west": {"uv": [12, 9, 14, 10], "rotation": 270, "texture": "#1"},
				"up": {"uv": [3, 2, 4, 6], "rotation": 270, "texture": "#1"},
				"down": {"uv": [3, 2, 4, 6], "rotation": 270, "texture": "#1"}
			}
		},
		{
			"name": "Right",
			"from": [13, 12, 7],
			"to": [18, 15, 8],
			"rotation": {"angle": 0, "axis": "z", "origin": [7, 13, 7]},
			"faces": {
				"north": {"uv": [3, 9, 6, 14], "rotation": 90, "texture": "#1"},
				"east": {"uv": [3, 2, 6, 3], "rotation": 270, "texture": "#1"},
				"south": {"uv": [12, 2, 15, 7], "rotation": 270, "texture": "#1"},
				"west": {"uv": [12, 9, 15, 10], "rotation": 270, "texture": "#1"},
				"up": {"uv": [3, 2, 4, 7], "rotation": 270, "texture": "#1"},
				"down": {"uv": [3, 2, 4, 7], "rotation": 270, "texture": "#1"}
			}
		},
		{
			"name": "Right",
			"from": [22, 12, 7],
			"to": [23, 13, 8],
			"rotation": {"angle": 0, "axis": "z", "origin": [7, 13, 7]},
			"faces": {
				"north": {"uv": [3, 9, 4, 10], "rotation": 90, "texture": "#1"},
				"east": {"uv": [3, 2, 4, 3], "rotation": 270, "texture": "#1"},
				"south": {"uv": [12, 2, 13, 3], "rotation": 270, "texture": "#1"},
				"west": {"uv": [12, 9, 13, 10], "rotation": 270, "texture": "#1"},
				"up": {"uv": [3, 2, 4, 3], "rotation": 270, "texture": "#1"},
				"down": {"uv": [3, 2, 4, 3], "rotation": 270, "texture": "#1"}
			}
		},
		{
			"name": "Right",
			"from": [13, 12, 8],
			"to": [17, 13, 9],
			"rotation": {"angle": 0, "axis": "y", "origin": [7, 13, 7]},
			"faces": {
				"north": {"uv": [3, 9, 4, 10], "rotation": 90, "texture": "#1"},
				"east": {"uv": [3, 2, 4, 3], "rotation": 270, "texture": "#1"},
				"south": {"uv": [12, 2, 13, 3], "rotation": 270, "texture": "#1"},
				"west": {"uv": [12, 9, 13, 10], "rotation": 270, "texture": "#1"},
				"up": {"uv": [3, 2, 4, 3], "rotation": 270, "texture": "#1"},
				"down": {"uv": [3, 2, 4, 3], "rotation": 270, "texture": "#1"}
			}
		},
		{
			"name": "Right",
			"from": [13, 13, 6],
			"to": [15, 14, 7],
			"rotation": {"angle": 0, "axis": "y", "origin": [7, 13, 7]},
			"faces": {
				"north": {"uv": [3, 9, 4, 10], "rotation": 90, "texture": "#1"},
				"east": {"uv": [3, 2, 4, 3], "rotation": 270, "texture": "#1"},
				"south": {"uv": [12, 2, 13, 3], "rotation": 270, "texture": "#1"},
				"west": {"uv": [12, 9, 13, 10], "rotation": 270, "texture": "#1"},
				"up": {"uv": [3, 2, 4, 3], "rotation": 270, "texture": "#1"},
				"down": {"uv": [3, 2, 4, 3], "rotation": 270, "texture": "#1"}
			}
		},
		{
			"name": "Right",
			"from": [13, 12, 6],
			"to": [17, 13, 7],
			"rotation": {"angle": 0, "axis": "y", "origin": [7, 13, 7]},
			"faces": {
				"north": {"uv": [3, 9, 4, 10], "rotation": 90, "texture": "#1"},
				"east": {"uv": [3, 2, 4, 3], "rotation": 270, "texture": "#1"},
				"south": {"uv": [12, 2, 13, 3], "rotation": 270, "texture": "#1"},
				"west": {"uv": [12, 9, 13, 10], "rotation": 270, "texture": "#1"},
				"up": {"uv": [3, 2, 4, 3], "rotation": 270, "texture": "#1"},
				"down": {"uv": [3, 2, 4, 3], "rotation": 270, "texture": "#1"}
			}
		},
		{
			"name": "Right",
			"from": [13, 13, 8],
			"to": [15, 14, 9],
			"rotation": {"angle": 0, "axis": "y", "origin": [7, 13, 7]},
			"faces": {
				"north": {"uv": [3, 9, 4, 10], "rotation": 90, "texture": "#1"},
				"east": {"uv": [3, 2, 4, 3], "rotation": 270, "texture": "#1"},
				"south": {"uv": [12, 2, 13, 3], "rotation": 270, "texture": "#1"},
				"west": {"uv": [12, 9, 13, 10], "rotation": 270, "texture": "#1"},
				"up": {"uv": [3, 2, 4, 3], "rotation": 270, "texture": "#1"},
				"down": {"uv": [3, 2, 4, 3], "rotation": 270, "texture": "#1"}
			}
		},
		{
			"name": "Right",
			"from": [0, 12, 6],
			"to": [4, 13, 7],
			"rotation": {"angle": 0, "axis": "z", "origin": [7, 13, 7]},
			"faces": {
				"north": {"uv": [12, 2, 13, 3], "rotation": 270, "texture": "#1"},
				"east": {"uv": [12, 9, 13, 10], "rotation": 270, "texture": "#1"},
				"south": {"uv": [3, 9, 4, 10], "rotation": 90, "texture": "#1"},
				"west": {"uv": [3, 2, 4, 3], "rotation": 270, "texture": "#1"},
				"up": {"uv": [3, 2, 4, 3], "rotation": 90, "texture": "#1"},
				"down": {"uv": [3, 2, 4, 3], "rotation": 90, "texture": "#1"}
			}
		},
		{
			"name": "Right",
			"from": [8, 18, 6],
			"to": [9, 20, 7],
			"rotation": {"angle": 0, "axis": "z", "origin": [7, 13, 7]},
			"faces": {
				"north": {"uv": [12, 2, 13, 3], "rotation": 180, "texture": "#1"},
				"east": {"uv": [3, 2, 4, 3], "rotation": 180, "texture": "#1"},
				"south": {"uv": [3, 9, 4, 10], "rotation": 180, "texture": "#1"},
				"west": {"uv": [3, 2, 4, 3], "rotation": 180, "texture": "#1"},
				"up": {"uv": [3, 2, 4, 3], "texture": "#1"},
				"down": {"uv": [12, 9, 13, 10], "texture": "#1"}
			}
		},
		{
			"name": "Right",
			"from": [9, 18, 6],
			"to": [10, 22, 7],
			"rotation": {"angle": 0, "axis": "z", "origin": [7, 13, 7]},
			"faces": {
				"north": {"uv": [12, 2, 13, 3], "rotation": 180, "texture": "#1"},
				"east": {"uv": [3, 2, 4, 3], "rotation": 180, "texture": "#1"},
				"south": {"uv": [3, 9, 4, 10], "rotation": 180, "texture": "#1"},
				"west": {"uv": [3, 2, 4, 3], "rotation": 180, "texture": "#1"},
				"up": {"uv": [3, 2, 4, 3], "texture": "#1"},
				"down": {"uv": [12, 9, 13, 10], "texture": "#1"}
			}
		},
		{
			"name": "Right",
			"from": [8, 18, 8],
			"to": [9, 20, 9],
			"rotation": {"angle": 0, "axis": "y", "origin": [7, 13, 7]},
			"faces": {
				"north": {"uv": [12, 2, 13, 3], "rotation": 180, "texture": "#1"},
				"east": {"uv": [3, 2, 4, 3], "rotation": 180, "texture": "#1"},
				"south": {"uv": [3, 9, 4, 10], "rotation": 180, "texture": "#1"},
				"west": {"uv": [3, 2, 4, 3], "rotation": 180, "texture": "#1"},
				"up": {"uv": [3, 2, 4, 3], "texture": "#1"},
				"down": {"uv": [12, 9, 13, 10], "texture": "#1"}
			}
		},
		{
			"name": "Right",
			"from": [9, 18, 8],
			"to": [10, 22, 9],
			"rotation": {"angle": 0, "axis": "y", "origin": [7, 13, 7]},
			"faces": {
				"north": {"uv": [12, 2, 13, 3], "rotation": 180, "texture": "#1"},
				"east": {"uv": [3, 2, 4, 3], "rotation": 180, "texture": "#1"},
				"south": {"uv": [3, 9, 4, 10], "rotation": 180, "texture": "#1"},
				"west": {"uv": [3, 2, 4, 3], "rotation": 180, "texture": "#1"},
				"up": {"uv": [3, 2, 4, 3], "texture": "#1"},
				"down": {"uv": [12, 9, 13, 10], "texture": "#1"}
			}
		},
		{
			"name": "Bottom",
			"from": [8, 7, 8],
			"to": [9, 9, 9],
			"rotation": {"angle": 0, "axis": "z", "origin": [7, 13, 7]},
			"faces": {
				"north": {"uv": [12, 2, 13, 3], "texture": "#1"},
				"east": {"uv": [3, 2, 4, 3], "texture": "#1"},
				"south": {"uv": [3, 9, 4, 10], "texture": "#1"},
				"west": {"uv": [3, 2, 4, 3], "texture": "#1"},
				"up": {"uv": [12, 9, 13, 10], "rotation": 180, "texture": "#1"},
				"down": {"uv": [3, 2, 4, 3], "rotation": 180, "texture": "#1"}
			}
		},
		{
			"name": "Bottom",
			"from": [7, 5, 6],
			"to": [8, 9, 7],
			"rotation": {"angle": 0, "axis": "y", "origin": [7, 13, 7]},
			"faces": {
				"north": {"uv": [12, 2, 13, 3], "texture": "#1"},
				"east": {"uv": [3, 2, 4, 3], "texture": "#1"},
				"south": {"uv": [3, 9, 4, 10], "texture": "#1"},
				"west": {"uv": [3, 2, 4, 3], "texture": "#1"},
				"up": {"uv": [12, 9, 13, 10], "rotation": 180, "texture": "#1"},
				"down": {"uv": [3, 2, 4, 3], "rotation": 180, "texture": "#1"}
			}
		},
		{
			"name": "Bottom",
			"from": [8, 7, 6],
			"to": [9, 9, 7],
			"rotation": {"angle": 0, "axis": "y", "origin": [7, 13, 7]},
			"faces": {
				"north": {"uv": [12, 2, 13, 3], "texture": "#1"},
				"east": {"uv": [3, 2, 4, 3], "texture": "#1"},
				"south": {"uv": [3, 9, 4, 10], "texture": "#1"},
				"west": {"uv": [3, 2, 4, 3], "texture": "#1"},
				"up": {"uv": [12, 9, 13, 10], "rotation": 180, "texture": "#1"},
				"down": {"uv": [3, 2, 4, 3], "rotation": 180, "texture": "#1"}
			}
		},
		{
			"name": "Bottom",
			"from": [7, 5, 8],
			"to": [8, 9, 9],
			"rotation": {"angle": 0, "axis": "z", "origin": [7, 13, 7]},
			"faces": {
				"north": {"uv": [12, 2, 13, 3], "texture": "#1"},
				"east": {"uv": [3, 2, 4, 3], "texture": "#1"},
				"south": {"uv": [3, 9, 4, 10], "texture": "#1"},
				"west": {"uv": [3, 2, 4, 3], "texture": "#1"},
				"up": {"uv": [12, 9, 13, 10], "rotation": 180, "texture": "#1"},
				"down": {"uv": [3, 2, 4, 3], "rotation": 180, "texture": "#1"}
			}
		},
		{
			"name": "Right",
			"from": [2, 13, 6],
			"to": [4, 14, 7],
			"rotation": {"angle": 0, "axis": "y", "origin": [7, 13, 7]},
			"faces": {
				"north": {"uv": [12, 2, 13, 3], "rotation": 270, "texture": "#1"},
				"east": {"uv": [12, 9, 13, 10], "rotation": 270, "texture": "#1"},
				"south": {"uv": [3, 9, 4, 10], "rotation": 90, "texture": "#1"},
				"west": {"uv": [3, 2, 4, 3], "rotation": 270, "texture": "#1"},
				"up": {"uv": [3, 2, 4, 3], "rotation": 90, "texture": "#1"},
				"down": {"uv": [3, 2, 4, 3], "rotation": 90, "texture": "#1"}
			}
		},
		{
			"name": "Right",
			"from": [0, 12, 8],
			"to": [4, 13, 9],
			"rotation": {"angle": 0, "axis": "y", "origin": [7, 13, 7]},
			"faces": {
				"north": {"uv": [12, 2, 13, 3], "rotation": 270, "texture": "#1"},
				"east": {"uv": [12, 9, 13, 10], "rotation": 270, "texture": "#1"},
				"south": {"uv": [3, 9, 4, 10], "rotation": 90, "texture": "#1"},
				"west": {"uv": [3, 2, 4, 3], "rotation": 270, "texture": "#1"},
				"up": {"uv": [3, 2, 4, 3], "rotation": 90, "texture": "#1"},
				"down": {"uv": [3, 2, 4, 3], "rotation": 90, "texture": "#1"}
			}
		},
		{
			"name": "Right",
			"from": [2, 13, 8],
			"to": [4, 14, 9],
			"rotation": {"angle": 0, "axis": "y", "origin": [7, 13, 7]},
			"faces": {
				"north": {"uv": [12, 2, 13, 3], "rotation": 270, "texture": "#1"},
				"east": {"uv": [12, 9, 13, 10], "rotation": 270, "texture": "#1"},
				"south": {"uv": [3, 9, 4, 10], "rotation": 90, "texture": "#1"},
				"west": {"uv": [3, 2, 4, 3], "rotation": 270, "texture": "#1"},
				"up": {"uv": [3, 2, 4, 3], "rotation": 90, "texture": "#1"},
				"down": {"uv": [3, 2, 4, 3], "rotation": 90, "texture": "#1"}
			}
		},
		{
			"name": "Top",
			"from": [7, 18, 7],
			"to": [10, 23, 8],
			"rotation": {"angle": 0, "axis": "z", "origin": [7, 13, 7]},
			"faces": {
				"north": {"uv": [3, 9, 6, 14], "rotation": 180, "texture": "#1"},
				"east": {"uv": [3, 2, 4, 7], "rotation": 180, "texture": "#1"},
				"south": {"uv": [12, 2, 15, 7], "rotation": 180, "texture": "#1"},
				"west": {"uv": [12, 9, 13, 14], "rotation": 180, "texture": "#1"},
				"up": {"uv": [3, 2, 6, 3], "rotation": 180, "texture": "#1"},
				"down": {"uv": [3, 2, 6, 3], "rotation": 180, "texture": "#1"}
			}
		},
		{
			"name": "Top",
			"from": [8, 23, 7],
			"to": [10, 27, 8],
			"rotation": {"angle": 0, "axis": "z", "origin": [7, 13, 7]},
			"faces": {
				"north": {"uv": [3, 9, 5, 13], "rotation": 180, "texture": "#1"},
				"east": {"uv": [3, 2, 4, 6], "rotation": 180, "texture": "#1"},
				"south": {"uv": [12, 2, 14, 6], "rotation": 180, "texture": "#1"},
				"west": {"uv": [12, 9, 13, 13], "rotation": 180, "texture": "#1"},
				"up": {"uv": [3, 2, 5, 3], "rotation": 180, "texture": "#1"},
				"down": {"uv": [3, 2, 5, 3], "rotation": 180, "texture": "#1"}
			}
		},
		{
			"name": "Top",
			"from": [9, 27, 7],
			"to": [10, 28, 8],
			"rotation": {"angle": 0, "axis": "z", "origin": [7, 13, 7]},
			"faces": {
				"north": {"uv": [3, 9, 4, 10], "rotation": 180, "texture": "#1"},
				"east": {"uv": [3, 2, 4, 3], "rotation": 180, "texture": "#1"},
				"south": {"uv": [12, 2, 13, 3], "rotation": 180, "texture": "#1"},
				"west": {"uv": [12, 9, 13, 10], "rotation": 180, "texture": "#1"},
				"up": {"uv": [3, 2, 4, 3], "rotation": 180, "texture": "#1"},
				"down": {"uv": [3, 2, 4, 3], "rotation": 180, "texture": "#1"}
			}
		},
		{
			"name": "Bottom",
			"from": [7, 0, 7],
			"to": [9, 4, 8],
			"rotation": {"angle": 0, "axis": "z", "origin": [7, 13, 7]},
			"faces": {
				"north": {"uv": [3, 9, 5, 13], "texture": "#1"},
				"east": {"uv": [3, 2, 4, 6], "texture": "#1"},
				"south": {"uv": [12, 2, 14, 6], "texture": "#1"},
				"west": {"uv": [12, 9, 13, 13], "texture": "#1"},
				"up": {"uv": [3, 2, 5, 3], "texture": "#1"},
				"down": {"uv": [3, 2, 5, 3], "texture": "#1"}
			}
		},
		{
			"name": "Bottom",
			"from": [7, 4, 7],
			"to": [10, 9, 8],
			"rotation": {"angle": 0, "axis": "z", "origin": [7, 13, 7]},
			"faces": {
				"north": {"uv": [3, 9, 6, 14], "texture": "#1"},
				"east": {"uv": [3, 2, 4, 7], "texture": "#1"},
				"south": {"uv": [12, 2, 15, 7], "texture": "#1"},
				"west": {"uv": [12, 9, 13, 14], "texture": "#1"},
				"up": {"uv": [3, 2, 6, 3], "texture": "#1"},
				"down": {"uv": [3, 2, 6, 3], "texture": "#1"}
			}
		},
		{
			"name": "Bottom",
			"from": [7, -1, 7],
			"to": [8, 0, 8],
			"faces": {
				"north": {"uv": [3, 9, 4, 10], "texture": "#1"},
				"east": {"uv": [3, 2, 4, 3], "texture": "#1"},
				"south": {"uv": [12, 2, 13, 3], "texture": "#1"},
				"west": {"uv": [12, 9, 13, 10], "texture": "#1"},
				"up": {"uv": [3, 2, 4, 3], "texture": "#1"},
				"down": {"uv": [3, 2, 4, 3], "texture": "#1"}
			}
		}
	],
	"display": {
		"thirdperson_righthand": {
			"scale": [0.5, 0.5, 0.5]
		},
		"thirdperson_lefthand": {
			"scale": [0.5, 0.5, 0.5]
		},
		"firstperson_righthand": {
			"scale": [0.5, 0.5, 0.5]
		},
		"firstperson_lefthand": {
			"scale": [0.5, 0.5, 0.5]
		},
		"ground": {
			"translation": [0, 3.5, 0],
			"scale": [0.8, 0.8, 0.8]
		},
		"gui": {
			"rotation": [7, -21, 0],
			"translation": [0, -2.5, 0],
			"scale": [0.5, 0.5, 0.5]
		},
		"head": {
			"translation": [-0.25, 6.5, -6],
			"scale": [0.5, 0.5, 0.5]
		},
		"fixed": {
			"translation": [-0.5, -3.25, 0],
			"scale": [0.5, 0.5, 0.5]
		}
	}
}