{
	"credit": "Made with Blockbench",
	"textures": {
		"0": "block/stonecutter_saw",
		"2": "block/lapis_block",
		"4": "item/leather",
		"particle": "block/stonecutter_saw"
	},
	"elements": [
		{
			"from": [3.5, 2.75, 3],
			"to": [8.25, 4, 7],
			"rotation": {"angle": 0, "axis": "y", "origin": [6.48377, 3.38291, 7.6553]},
			"faces": {
				"north": {"uv": [7, 5, 7, 7], "texture": "#4"},
				"east": {"uv": [7, 5, 7, 7], "texture": "#4"},
				"south": {"uv": [10, 6, 11, 8], "texture": "#4"},
				"west": {"uv": [10, 6, 11, 8], "texture": "#4"},
				"up": {"uv": [6, 7, 7, 9], "texture": "#4"},
				"down": {"uv": [6, 5, 6, 7], "texture": "#4"}
			}
		},
		{
			"from": [4.5, 4, 3],
			"to": [8.25, 4.25, 7],
			"rotation": {"angle": 0, "axis": "y", "origin": [6.48377, 3.38291, 7.6553]},
			"faces": {
				"north": {"uv": [6, 5.25, 5.5, 6], "texture": "#4"},
				"east": {"uv": [6, 5, 5.5, 5.25], "texture": "#4"},
				"south": {"uv": [10, 6, 10.5, 6.25], "texture": "#4"},
				"west": {"uv": [6, 5, 5.5, 5.25], "texture": "#4"},
				"up": {"uv": [9, 7.25, 10, 9], "texture": "#4"},
				"down": {"uv": [6.75, 5, 6.5, 7], "texture": "#4"}
			}
		},
		{
			"name": "INDEX",
			"from": [7.25, 3.5, 7],
			"to": [8, 4.25, 8.5],
			"rotation": {"angle": 0, "axis": "y", "origin": [6.48377, 3.63291, 7.6553]},
			"faces": {
				"north": {"uv": [6, 5, 5.75, 5.75], "texture": "#4"},
				"east": {"uv": [9, 5.25, 9.5, 6], "texture": "#4"},
				"south": {"uv": [10, 6.5, 10.75, 7.25], "texture": "#4"},
				"west": {"uv": [9, 9.25, 9.5, 10], "texture": "#4"},
				"up": {"uv": [6, 7.25, 6.75, 8.75], "texture": "#4"},
				"down": {"uv": [8, 5, 7.75, 6.5], "texture": "#4"}
			}
		},
		{
			"name": "INDEX",
			"from": [7, 3.75, 6.5],
			"to": [8.25, 4.5, 7.25],
			"rotation": {"angle": 0, "axis": "y", "origin": [6.48377, 3.63291, 7.6553]},
			"faces": {
				"north": {"uv": [6, 5, 6.25, 5.75], "texture": "#4"},
				"east": {"uv": [6, 5.25, 5.75, 6], "texture": "#4"},
				"south": {"uv": [10, 6.5, 11.25, 7.25], "texture": "#4"},
				"west": {"uv": [6, 5.25, 5.75, 6], "texture": "#4"},
				"up": {"uv": [6, 7.25, 7.25, 8], "texture": "#4"},
				"down": {"uv": [6, 5, 6.25, 5.75], "texture": "#4"}
			}
		},
		{
			"name": "INDEX",
			"from": [7.25, 3.88837, 8.27671],
			"to": [8, 4.38837, 10.02671],
			"rotation": {"angle": 22.5, "axis": "x", "origin": [6.48377, 3.63291, 7.6553]},
			"faces": {
				"north": {"uv": [6, 5, 5.75, 5.5], "texture": "#4"},
				"east": {"uv": [6, 5.25, 6.75, 5.75], "texture": "#4"},
				"south": {"uv": [10, 6.5, 10.75, 7], "texture": "#4"},
				"west": {"uv": [6, 5.25, 6.75, 5.75], "texture": "#4"},
				"up": {"uv": [6, 7.25, 6.75, 9], "texture": "#4"},
				"down": {"uv": [6, 5, 5.75, 6.75], "texture": "#4"}
			}
		},
		{
			"name": "INDEX",
			"from": [7.25, 4.73574, 9.30762],
			"to": [8, 5.23574, 10.30762],
			"rotation": {"angle": 45, "axis": "x", "origin": [6.48377, 3.63291, 7.6553]},
			"faces": {
				"north": {"uv": [6, 5, 5.75, 5.5], "texture": "#4"},
				"east": {"uv": [6, 5.25, 6, 5.75], "texture": "#4"},
				"south": {"uv": [10, 6.5, 10.75, 7], "texture": "#4"},
				"west": {"uv": [6, 5.25, 6, 5.75], "texture": "#4"},
				"up": {"uv": [6, 7.25, 6.75, 8.25], "texture": "#4"},
				"down": {"uv": [6, 5, 5.75, 6], "texture": "#4"}
			}
		},
		{
			"name": "THUMB",
			"from": [8.9118, 3, 5.48348],
			"to": [9.6618, 3.75, 7.48348],
			"rotation": {"angle": 22.5, "axis": "y", "origin": [6.48377, 3.38291, 7.6553]},
			"faces": {
				"north": {"uv": [6.25, 6, 6, 6.75], "texture": "#4"},
				"east": {"uv": [9, 5.75, 10, 6.5], "texture": "#4"},
				"south": {"uv": [10.25, 6.25, 11, 7], "texture": "#4"},
				"west": {"uv": [9, 9, 10, 9.75], "texture": "#4"},
				"up": {"uv": [6, 7, 6.75, 9], "texture": "#4"},
				"down": {"uv": [8, 5, 7.75, 7], "texture": "#4"}
			}
		},
		{
			"name": "THUMB",
			"from": [8.71753, 3, 6.10727],
			"to": [9.21753, 3.75, 6.85727],
			"rotation": {"angle": 0, "axis": "y", "origin": [6.48377, 3.38291, 7.6553]},
			"faces": {
				"north": {"uv": [6.25, 6, 5.75, 6.75], "texture": "#4"},
				"east": {"uv": [6, 5.75, 5.75, 6.5], "texture": "#4"},
				"south": {"uv": [10.25, 6.25, 10.75, 7], "texture": "#4"},
				"west": {"uv": [6, 5, 5.75, 5.75], "texture": "#4"},
				"up": {"uv": [6, 7, 6.5, 7.75], "texture": "#4"},
				"down": {"uv": [6, 5, 5.5, 5.75], "texture": "#4"}
			}
		},
		{
			"name": "THUMB",
			"from": [8.21356, 3, 5.91969],
			"to": [8.71356, 3.75, 7.16969],
			"rotation": {"angle": -22.5, "axis": "y", "origin": [6.48377, 3.38291, 7.6553]},
			"faces": {
				"north": {"uv": [6.25, 6, 5.75, 6.75], "texture": "#4"},
				"east": {"uv": [6, 5.75, 6.25, 6.5], "texture": "#4"},
				"south": {"uv": [10.25, 6.25, 10.75, 7], "texture": "#4"},
				"west": {"uv": [6, 5, 6.25, 5.75], "texture": "#4"},
				"up": {"uv": [6, 7, 6.5, 8.25], "texture": "#4"},
				"down": {"uv": [6, 5, 5.5, 6.25], "texture": "#4"}
			}
		},
		{
			"name": "MID",
			"from": [6, 4.98574, 9.55762],
			"to": [6.75, 5.48574, 10.55762],
			"rotation": {"angle": 45, "axis": "x", "origin": [6.48377, 3.88291, 7.6553]},
			"faces": {
				"north": {"uv": [6, 5.25, 5.75, 5.75], "texture": "#4"},
				"east": {"uv": [6, 5.25, 6, 5.75], "texture": "#4"},
				"south": {"uv": [10, 6.25, 10.75, 6.75], "texture": "#4"},
				"west": {"uv": [6, 5.25, 6, 5.75], "texture": "#4"},
				"up": {"uv": [6, 7.25, 6.75, 8.25], "texture": "#4"},
				"down": {"uv": [6, 5.25, 5.75, 6.25], "texture": "#4"}
			}
		},
		{
			"name": "MID",
			"from": [6, 4.13837, 8.52671],
			"to": [6.75, 4.63837, 10.27671],
			"rotation": {"angle": 22.5, "axis": "x", "origin": [6.48377, 3.88291, 7.6553]},
			"faces": {
				"north": {"uv": [6, 5.25, 5.75, 5.75], "texture": "#4"},
				"east": {"uv": [6, 5.25, 6.75, 5.75], "texture": "#4"},
				"south": {"uv": [10, 6.25, 10.75, 6.75], "texture": "#4"},
				"west": {"uv": [6, 5.25, 6.75, 5.75], "texture": "#4"},
				"up": {"uv": [6, 7.25, 6.75, 9], "texture": "#4"},
				"down": {"uv": [6, 5.25, 5.75, 7], "texture": "#4"}
			}
		},
		{
			"name": "MID",
			"from": [5.75, 4, 6.25],
			"to": [7, 4.75, 7.25],
			"rotation": {"angle": 0, "axis": "y", "origin": [6.48377, 3.88291, 7.6553]},
			"faces": {
				"north": {"uv": [6, 5.25, 6.25, 6], "texture": "#4"},
				"east": {"uv": [6, 5.25, 6, 6], "texture": "#4"},
				"south": {"uv": [10, 6.25, 11.25, 7], "texture": "#4"},
				"west": {"uv": [6, 5.25, 6, 6], "texture": "#4"},
				"up": {"uv": [6, 7.25, 7.25, 8.25], "texture": "#4"},
				"down": {"uv": [6, 5.25, 6.25, 6.25], "texture": "#4"}
			}
		},
		{
			"name": "MID",
			"from": [6, 3.75, 7],
			"to": [6.75, 4.5, 8.75],
			"rotation": {"angle": 0, "axis": "y", "origin": [6.48377, 3.88291, 7.6553]},
			"faces": {
				"north": {"uv": [6, 5.25, 5.75, 6], "texture": "#4"},
				"east": {"uv": [9, 5.25, 9.75, 6], "texture": "#4"},
				"south": {"uv": [10, 6.25, 10.75, 7], "texture": "#4"},
				"west": {"uv": [9, 9.25, 9.75, 10], "texture": "#4"},
				"up": {"uv": [6, 7.25, 6.75, 9], "texture": "#4"},
				"down": {"uv": [8, 5.25, 7.75, 7], "texture": "#4"}
			}
		},
		{
			"name": "RING",
			"from": [4.75, 3.5, 7],
			"to": [5.5, 4.25, 8.5],
			"rotation": {"angle": 0, "axis": "y", "origin": [6.48377, 3.38291, 7.6553]},
			"faces": {
				"north": {"uv": [6, 5.25, 5.75, 6], "texture": "#4"},
				"east": {"uv": [9, 5.25, 9.5, 6], "texture": "#4"},
				"south": {"uv": [10, 6.25, 10.75, 7], "texture": "#4"},
				"west": {"uv": [9, 9.25, 9.5, 10], "texture": "#4"},
				"up": {"uv": [6, 7.25, 6.75, 8.75], "texture": "#4"},
				"down": {"uv": [8, 5.25, 7.75, 6.75], "texture": "#4"}
			}
		},
		{
			"name": "RING",
			"from": [4.5, 3.75, 6.5],
			"to": [5.75, 4.5, 7.25],
			"rotation": {"angle": 0, "axis": "y", "origin": [6.48377, 3.38291, 7.6553]},
			"faces": {
				"north": {"uv": [6, 5.25, 6.25, 6], "texture": "#4"},
				"east": {"uv": [6, 5.25, 5.75, 6], "texture": "#4"},
				"south": {"uv": [10, 6.25, 11.25, 7], "texture": "#4"},
				"west": {"uv": [6, 5.25, 5.75, 6], "texture": "#4"},
				"up": {"uv": [6, 7.25, 7.25, 8], "texture": "#4"},
				"down": {"uv": [6, 5.25, 6.25, 6], "texture": "#4"}
			}
		},
		{
			"name": "RING",
			"from": [4.75, 3.86934, 8.18104],
			"to": [5.5, 4.36934, 9.93104],
			"rotation": {"angle": 22.5, "axis": "x", "origin": [6.48377, 3.38291, 7.6553]},
			"faces": {
				"north": {"uv": [6, 5.25, 5.75, 5.75], "texture": "#4"},
				"east": {"uv": [6, 5.25, 6.75, 5.75], "texture": "#4"},
				"south": {"uv": [10, 6.25, 10.75, 6.75], "texture": "#4"},
				"west": {"uv": [6, 5.25, 6.75, 5.75], "texture": "#4"},
				"up": {"uv": [6, 7.25, 6.75, 9], "texture": "#4"},
				"down": {"uv": [6, 5.25, 5.75, 7], "texture": "#4"}
			}
		},
		{
			"name": "RING",
			"from": [4.75, 4.66252, 9.13084],
			"to": [5.5, 5.16252, 10.13084],
			"rotation": {"angle": 45, "axis": "x", "origin": [6.48377, 3.38291, 7.6553]},
			"faces": {
				"north": {"uv": [6, 5.25, 5.75, 5.75], "texture": "#4"},
				"east": {"uv": [6, 5.25, 6, 5.75], "texture": "#4"},
				"south": {"uv": [10, 6.25, 10.75, 6.75], "texture": "#4"},
				"west": {"uv": [6, 5.25, 6, 5.75], "texture": "#4"},
				"up": {"uv": [6, 7.25, 6.75, 8.25], "texture": "#4"},
				"down": {"uv": [6, 5.25, 5.75, 6.25], "texture": "#4"}
			}
		},
		{
			"name": "PINKY",
			"from": [3.75, 3.25, 6.75],
			"to": [4.25, 4, 8],
			"rotation": {"angle": 0, "axis": "y", "origin": [6.48377, 3.38291, 7.6553]},
			"faces": {
				"north": {"uv": [6, 5.25, 5.5, 6], "texture": "#4"},
				"east": {"uv": [6, 5, 6.25, 5.75], "texture": "#4"},
				"south": {"uv": [10, 6, 10.5, 6.75], "texture": "#4"},
				"west": {"uv": [6, 5, 6.25, 5.75], "texture": "#4"},
				"up": {"uv": [6, 7.25, 6.5, 8.5], "texture": "#4"},
				"down": {"uv": [6, 5.25, 5.5, 6.5], "texture": "#4"}
			}
		},
		{
			"name": "PINKY",
			"from": [3.5, 3.5, 6.25],
			"to": [4.5, 4.25, 7],
			"rotation": {"angle": 0, "axis": "y", "origin": [6.48377, 3.38291, 7.6553]},
			"faces": {
				"north": {"uv": [6, 5.25, 6, 6], "texture": "#4"},
				"east": {"uv": [6, 5, 5.75, 5.75], "texture": "#4"},
				"south": {"uv": [10, 6, 11, 6.75], "texture": "#4"},
				"west": {"uv": [6, 5, 5.75, 5.75], "texture": "#4"},
				"up": {"uv": [6, 7.25, 7, 8], "texture": "#4"},
				"down": {"uv": [6, 5.25, 6, 6], "texture": "#4"}
			}
		},
		{
			"name": "PINKY",
			"from": [3.75, 3.54269, 7.79574],
			"to": [4.25, 4.04269, 9.04574],
			"rotation": {"angle": 22.5, "axis": "x", "origin": [6.48377, 3.38291, 7.6553]},
			"faces": {
				"north": {"uv": [6, 5.25, 5.5, 5.75], "texture": "#4"},
				"east": {"uv": [6, 5, 6.25, 5.5], "texture": "#4"},
				"south": {"uv": [10, 6, 10.5, 6.5], "texture": "#4"},
				"west": {"uv": [6, 5, 6.25, 5.5], "texture": "#4"},
				"up": {"uv": [6, 7.25, 6.5, 8.5], "texture": "#4"},
				"down": {"uv": [6, 5.25, 5.5, 6.5], "texture": "#4"}
			}
		},
		{
			"name": "PINKY",
			"from": [3.75, 4.05897, 8.63084],
			"to": [4.25, 4.55897, 9.63084],
			"rotation": {"angle": 45, "axis": "x", "origin": [6.48377, 3.38291, 7.6553]},
			"faces": {
				"north": {"uv": [6, 5.25, 5.5, 5.75], "texture": "#4"},
				"east": {"uv": [6, 5, 6, 5.5], "texture": "#4"},
				"south": {"uv": [10, 6, 10.5, 6.5], "texture": "#4"},
				"west": {"uv": [6, 5, 6, 5.5], "texture": "#4"},
				"up": {"uv": [6, 7.25, 6.5, 8.25], "texture": "#4"},
				"down": {"uv": [6, 5.25, 5.5, 6.25], "texture": "#4"}
			}
		},
		{
			"name": "BLADE",
			"from": [3.5, 5.25, 6.75],
			"to": [8, 5.25, 10.5],
			"rotation": {"angle": 0, "axis": "y", "origin": [6, 5, 9]},
			"faces": {
				"north": {"uv": [0, 0, 4, 0], "texture": "#0"},
				"east": {"uv": [0, 0, 4, 0], "texture": "#0"},
				"south": {"uv": [0, 0, 4, 0], "texture": "#0"},
				"west": {"uv": [0, 0, 4, 0], "texture": "#0"},
				"up": {"uv": [1, 9, 15, 16], "rotation": 180, "texture": "#0"},
				"down": {"uv": [1, 9, 15, 16], "rotation": 180, "texture": "#0"}
			}
		},
		{
			"from": [3.75, 4.25, 4],
			"to": [7.75, 5, 6.75],
			"faces": {
				"north": {"uv": [0, 0, 4, 0.75], "texture": "#2"},
				"east": {"uv": [0, 0, 2.75, 0.75], "texture": "#2"},
				"south": {"uv": [0, 0, 4, 0.75], "texture": "#2"},
				"west": {"uv": [0, 0, 2.75, 0.75], "texture": "#2"},
				"up": {"uv": [0, 0, 4, 2.75], "texture": "#2"},
				"down": {"uv": [0, 0, 4, 2.75], "texture": "#2"}
			}
		},
		{
			"from": [4.25, 5, 4.75],
			"to": [7, 5.25, 6.75],
			"faces": {
				"north": {"uv": [0, 0, 2.75, 0.25], "texture": "#2"},
				"east": {"uv": [0, 0, 2, 0.25], "texture": "#2"},
				"south": {"uv": [0, 0, 2.75, 0.25], "texture": "#2"},
				"west": {"uv": [0, 0, 2, 0.25], "texture": "#2"},
				"up": {"uv": [0, 0, 2.75, 2], "texture": "#2"},
				"down": {"uv": [0, 0, 2.75, 2], "texture": "#2"}
			}
		},
		{
			"from": [5.25, 5.25, 6.5],
			"to": [6.25, 5.5, 7.25],
			"faces": {
				"north": {"uv": [0, 0, 1, 0.25], "texture": "#2"},
				"east": {"uv": [0, 0, 0.75, 0.25], "texture": "#2"},
				"south": {"uv": [0, 0, 1, 0.25], "texture": "#2"},
				"west": {"uv": [0, 0, 0.75, 0.25], "texture": "#2"},
				"up": {"uv": [0, 0, 1, 0.75], "texture": "#2"},
				"down": {"uv": [0, 0, 1, 0.75], "texture": "#2"}
			}
		}
	],
	"display": {
		"thirdperson_righthand": {
			"rotation": [0, -180, 0],
			"translation": [-2, 4.25, -3],
			"scale": [0.95, 1, 1]
		},
		"thirdperson_lefthand": {
			"rotation": [0, -180, 0],
			"translation": [2, 4.25, -3.25],
			"scale": [0.94, 1, 1]
		},
		"firstperson_righthand": {
			"rotation": [0, -180, 0],
			"translation": [-3.25, 5.75, 0.25]
		},
		"firstperson_lefthand": {
			"rotation": [0, -180, 0],
			"translation": [2, 5.75, 0.25]
		},
		"ground": {
			"translation": [0, 1.5, 0]
		},
		"gui": {
			"rotation": [45, -35, -1],
			"translation": [1, 0, 0],
			"scale": [1.5, 1.5, 1.5]
		},
		"head": {
			"rotation": [0, -180, 0],
			"translation": [-2.25, 0, -9.75]
		}
	}
}