{
	"credit": "Made with Blockbench",
	"texture_size": [32, 32],
	"textures": {
		"2": "block/anvil",
		"3": "block/iron_block",
		"5": "block/spruce_log",
		"particle": "block/anvil"
	},
	"elements": [
		{
			"name": "R_BARREL",
			"from": [8, 3, -6],
			"to": [10, 5, 12],
			"faces": {
				"north": {"uv": [2, 10, 3, 11], "texture": "#2"},
				"east": {"uv": [3, 0, 12, 1], "texture": "#2"},
				"south": {"uv": [2, 12.5, 3, 13.5], "texture": "#2"},
				"west": {"uv": [3, 1, 12, 2], "texture": "#2"},
				"up": {"uv": [4, 11, 3, 2], "texture": "#2"},
				"down": {"uv": [5, 2, 4, 11], "texture": "#2"}
			}
		},
		{
			"name": "L_BARREL",
			"from": [5, 3, -6],
			"to": [7, 5, 12],
			"faces": {
				"north": {"uv": [3, 12.5, 4, 13.5], "texture": "#2"},
				"east": {"uv": [5, 2, 14, 3], "texture": "#2"},
				"south": {"uv": [4, 12.5, 5, 13.5], "texture": "#2"},
				"west": {"uv": [5, 3, 14, 4], "texture": "#2"},
				"up": {"uv": [6, 13, 5, 4], "texture": "#2"},
				"down": {"uv": [1, 6, 0, 15], "texture": "#2"}
			}
		},
		{
			"name": "C_LINK",
			"from": [7, 3, -1],
			"to": [8, 5, 12],
			"faces": {
				"north": {"uv": [13, 1, 13.5, 2], "texture": "#3"},
				"east": {"uv": [6, 4, 12.5, 5], "texture": "#3"},
				"south": {"uv": [5, 13, 5.5, 14], "texture": "#3"},
				"west": {"uv": [6, 5, 12.5, 6], "texture": "#3"},
				"up": {"uv": [1.5, 14.5, 1, 8], "texture": "#3"},
				"down": {"uv": [2, 8, 1.5, 14.5], "texture": "#3"}
			}
		},
		{
			"name": "B_LINK",
			"from": [6, 2, 0],
			"to": [9, 3, 12],
			"faces": {
				"north": {"uv": [6, 12.5, 7.5, 13], "texture": "#5"},
				"east": {"uv": [6, 8, 12, 8.5], "texture": "#5"},
				"south": {"uv": [12.5, 6.5, 14, 7], "texture": "#5"},
				"west": {"uv": [8, 6, 14, 6.5], "texture": "#5"},
				"up": {"uv": [1.5, 6, 0, 0], "texture": "#5"},
				"down": {"uv": [3, 0, 1.5, 6], "texture": "#5"}
			}
		},
		{
			"name": "HANDLE_1",
			"from": [6, 2, 14],
			"to": [9, 5, 17],
			"faces": {
				"north": {"uv": [8, 6.5, 9.5, 8], "texture": "#5"},
				"east": {"uv": [9.5, 6.5, 11, 8], "texture": "#5"},
				"south": {"uv": [9, 10.5, 10.5, 12], "texture": "#5"},
				"west": {"uv": [10.5, 10.5, 12, 12], "texture": "#5"},
				"up": {"uv": [3.5, 12.5, 2, 11], "texture": "#5"},
				"down": {"uv": [5, 11, 3.5, 12.5], "texture": "#5"}
			}
		},
		{
			"name": "HANDLE_2",
			"from": [6, 0, 17],
			"to": [9, 4, 19],
			"faces": {
				"north": {"uv": [6, 8.5, 7.5, 10.5], "texture": "#5"},
				"east": {"uv": [2, 8, 3, 10], "texture": "#5"},
				"south": {"uv": [7.5, 8.5, 9, 10.5], "texture": "#5"},
				"west": {"uv": [12, 0, 13, 2], "texture": "#5"},
				"up": {"uv": [13.5, 10.5, 12, 9.5], "texture": "#5"},
				"down": {"uv": [12, 12, 10.5, 13], "texture": "#5"}
			}
		},
		{
			"name": "HANDLE_3",
			"from": [6, 1, 15],
			"to": [9, 2, 17],
			"faces": {
				"north": {"uv": [13, 0, 14.5, 0.5], "texture": "#5"},
				"east": {"uv": [11, 7.5, 12, 8], "texture": "#5"},
				"south": {"uv": [13, 0.5, 14.5, 1], "texture": "#5"},
				"west": {"uv": [5.5, 13, 6.5, 13.5], "texture": "#5"},
				"up": {"uv": [13.5, 11.5, 12, 10.5], "texture": "#5"},
				"down": {"uv": [13.5, 11.5, 12, 12.5], "texture": "#5"}
			}
		},
		{
			"name": "HANDLE_4",
			"from": [6, -1, 19],
			"to": [9, 3, 23],
			"faces": {
				"north": {"uv": [9, 8.5, 10.5, 10.5], "texture": "#5"},
				"east": {"uv": [1, 6, 3, 8], "texture": "#5"},
				"south": {"uv": [6, 10.5, 7.5, 12.5], "texture": "#5"},
				"west": {"uv": [6, 6, 8, 8], "texture": "#5"},
				"up": {"uv": [9, 12.5, 7.5, 10.5], "texture": "#5"},
				"down": {"uv": [12, 8.5, 10.5, 10.5], "texture": "#5"}
			}
		},
		{
			"name": "TRIGGER_1",
			"from": [6, 3, 12],
			"to": [9, 5, 14],
			"faces": {
				"north": {"uv": [11, 6.5, 12.5, 7.5], "texture": "#2"},
				"east": {"uv": [12.5, 4, 13.5, 5], "texture": "#2"},
				"south": {"uv": [12, 7.5, 13.5, 8.5], "texture": "#2"},
				"west": {"uv": [12.5, 5, 13.5, 6], "texture": "#2"},
				"up": {"uv": [13.5, 9.5, 12, 8.5], "texture": "#2"},
				"down": {"uv": [10.5, 12, 9, 13], "texture": "#2"}
			}
		},
		{
			"name": "TRIGGER_2",
			"from": [7, 1, 12],
			"to": [8, 2, 15],
			"faces": {
				"north": {"uv": [6.5, 13, 7, 13.5], "texture": "#2"},
				"east": {"uv": [12.5, 7, 14, 7.5], "texture": "#2"},
				"south": {"uv": [7, 13, 7.5, 13.5], "texture": "#2"},
				"west": {"uv": [7.5, 12.5, 9, 13], "texture": "#2"},
				"up": {"uv": [12.5, 14, 12, 12.5], "texture": "#2"},
				"down": {"uv": [13, 12.5, 12.5, 14], "texture": "#2"}
			}
		},
		{
			"name": "LOAD_R",
			"from": [8, 5, 12],
			"to": [9, 6, 14],
			"faces": {
				"north": {"uv": [0, 0, 0.5, 0.5], "texture": "#2"},
				"east": {"uv": [0, 0, 1, 0.5], "texture": "#2"},
				"south": {"uv": [0, 0, 0.5, 0.5], "texture": "#2"},
				"west": {"uv": [0, 0, 1, 0.5], "texture": "#2"},
				"up": {"uv": [0, 0, 0.5, 1], "texture": "#2"},
				"down": {"uv": [0, 0, 0.5, 1], "texture": "#2"}
			}
		},
		{
			"name": "LOAD_L",
			"from": [6, 5, 12],
			"to": [7, 6, 14],
			"faces": {
				"north": {"uv": [0, 0, 0.5, 0.5], "texture": "#2"},
				"east": {"uv": [0, 0, 1, 0.5], "texture": "#2"},
				"south": {"uv": [0, 0, 0.5, 0.5], "texture": "#2"},
				"west": {"uv": [0, 0, 1, 0.5], "texture": "#2"},
				"up": {"uv": [0, 0, 0.5, 1], "texture": "#2"},
				"down": {"uv": [0, 0, 0.5, 1], "texture": "#2"}
			}
		}
	],
	"display": {
		"thirdperson_righthand": {
			"translation": [0, 4.5, -1.75],
			"scale": [0.75, 0.75, 0.75]
		},
		"thirdperson_lefthand": {
			"translation": [0, 4.5, -1.75],
			"scale": [0.75, 0.75, 0.75]
		},
		"firstperson_righthand": {
			"translation": [1.75, 4.75, -5]
		},
		"firstperson_lefthand": {
			"translation": [1.75, 4.75, -5]
		},
		"ground": {
			"translation": [0, 4, 0]
		},
		"gui": {
			"rotation": [57, 144, -25],
			"translation": [-1.25, 2.25, 0],
			"scale": [0.75, 0.75, 0.75]
		},
		"head": {
			"translation": [0, 11.75, 0]
		},
		"fixed": {
			"rotation": [0, 90, 0],
			"translation": [0, 4.25, 0]
		}
	}
}